report_year,codmun,state,namemun,faction,faction_full_name,alignment_states,pcc_aligned,cv_aligned,alignment_justification
2023,1100015,Rondônia,Alta Floresta d'Oeste,PCP,Primeiro Comando Panda,"RO, RR",1,0,"Local faction from Rondônia. Present in Alta Floresta d'Oeste, Nova Mamoré, Novo Horizonte do Oeste, and São Francisco do Guaporé (2023). The 2025 edition explicitly states PCP was no longer detected."
2023,1100031,Rondônia,Cabixi,PCC,Primeiro Comando da Capital,All BLA states,1,0,"National faction originating from São Paulo's prison system (founded 1993). Highly centralized hierarchy with leadership from SP/PR. Present in all 9 Amazonian states across all four editions. Detected in 90 municipalities in 2025, with hegemony in RO, RR, and TO prison systems. The PCC expanded aggressively into the Amazon after the 2016 rupture with CV, seeking control of cocaine transit routes from Peru, Colombia, and Bolivia."
2023,1100056,Rondônia,Cerejeiras,PCC,Primeiro Comando da Capital,All BLA states,1,0,"National faction originating from São Paulo's prison system (founded 1993). Highly centralized hierarchy with leadership from SP/PR. Present in all 9 Amazonian states across all four editions. Detected in 90 municipalities in 2025, with hegemony in RO, RR, and TO prison systems. The PCC expanded aggressively into the Amazon after the 2016 rupture with CV, seeking control of cocaine transit routes from Peru, Colombia, and Bolivia."
2023,1100064,Rondônia,Colorado do Oeste,PCC,Primeiro Comando da Capital,All BLA states,1,0,"National faction originating from São Paulo's prison system (founded 1993). Highly centralized hierarchy with leadership from SP/PR. Present in all 9 Amazonian states across all four editions. Detected in 90 municipalities in 2025, with hegemony in RO, RR, and TO prison systems. The PCC expanded aggressively into the Amazon after the 2016 rupture with CV, seeking control of cocaine transit routes from Peru, Colombia, and Bolivia."
2023,1100072,Rondônia,Corumbiara,CV,Comando Vermelho,All BLA states,0,1,"National faction originating from Rio de Janeiro's prison system (founded late 1970s). Decentralized governance that preserves local leadership structures, facilitating alliances with regional groups. After the 2016 conflict with PCC, CV allied with FDN to access the Solimões drug route and expanded rapidly through the Amazon prison system. Hegemonic in PA (Belém metro), AC, AM, and MA. Detected in 286 municipalities in 2025, present in all 9 states."
2023,1100080,Rondônia,Costa Marques,CV,Comando Vermelho,All BLA states,0,1,"National faction originating from Rio de Janeiro's prison system (founded late 1970s). Decentralized governance that preserves local leadership structures, facilitating alliances with regional groups. After the 2016 conflict with PCC, CV allied with FDN to access the Solimões drug route and expanded rapidly through the Amazon prison system. Hegemonic in PA (Belém metro), AC, AM, and MA. Detected in 286 municipalities in 2025, present in all 9 states."
2023,1100080,Rondônia,Costa Marques,PCC,Primeiro Comando da Capital,All BLA states,1,0,"National faction originating from São Paulo's prison system (founded 1993). Highly centralized hierarchy with leadership from SP/PR. Present in all 9 Amazonian states across all four editions. Detected in 90 municipalities in 2025, with hegemony in RO, RR, and TO prison systems. The PCC expanded aggressively into the Amazon after the 2016 rupture with CV, seeking control of cocaine transit routes from Peru, Colombia, and Bolivia."
2023,1100106,Rondônia,Guajará-Mirim,PCC,Primeiro Comando da Capital,All BLA states,1,0,"National faction originating from São Paulo's prison system (founded 1993). Highly centralized hierarchy with leadership from SP/PR. Present in all 9 Amazonian states across all four editions. Detected in 90 municipalities in 2025, with hegemony in RO, RR, and TO prison systems. The PCC expanded aggressively into the Amazon after the 2016 rupture with CV, seeking control of cocaine transit routes from Peru, Colombia, and Bolivia."
2023,1100122,Rondônia,Ji-Paraná,PCC,Primeiro Comando da Capital,All BLA states,1,0,"National faction originating from São Paulo's prison system (founded 1993). Highly centralized hierarchy with leadership from SP/PR. Present in all 9 Amazonian states across all four editions. Detected in 90 municipalities in 2025, with hegemony in RO, RR, and TO prison systems. The PCC expanded aggressively into the Amazon after the 2016 rupture with CV, seeking control of cocaine transit routes from Peru, Colombia, and Bolivia."
2023,1100148,Rondônia,Nova Brasilândia d'Oeste,PCC,Primeiro Comando da Capital,All BLA states,1,0,"National faction originating from São Paulo's prison system (founded 1993). Highly centralized hierarchy with leadership from SP/PR. Present in all 9 Amazonian states across all four editions. Detected in 90 municipalities in 2025, with hegemony in RO, RR, and TO prison systems. The PCC expanded aggressively into the Amazon after the 2016 rupture with CV, seeking control of cocaine transit routes from Peru, Colombia, and Bolivia."
2023,1100205,Rondônia,Porto Velho,CV,Comando Vermelho,All BLA states,0,1,"National faction originating from Rio de Janeiro's prison system (founded late 1970s). Decentralized governance that preserves local leadership structures, facilitating alliances with regional groups. After the 2016 conflict with PCC, CV allied with FDN to access the Solimões drug route and expanded rapidly through the Amazon prison system. Hegemonic in PA (Belém metro), AC, AM, and MA. Detected in 286 municipalities in 2025, present in all 9 states."
2023,1100205,Rondônia,Porto Velho,PCC,Primeiro Comando da Capital,All BLA states,1,0,"National faction originating from São Paulo's prison system (founded 1993). Highly centralized hierarchy with leadership from SP/PR. Present in all 9 Amazonian states across all four editions. Detected in 90 municipalities in 2025, with hegemony in RO, RR, and TO prison systems. The PCC expanded aggressively into the Amazon after the 2016 rupture with CV, seeking control of cocaine transit routes from Peru, Colombia, and Bolivia."
2023,1100288,Rondônia,Rolim de Moura,PCC,Primeiro Comando da Capital,All BLA states,1,0,"National faction originating from São Paulo's prison system (founded 1993). Highly centralized hierarchy with leadership from SP/PR. Present in all 9 Amazonian states across all four editions. Detected in 90 municipalities in 2025, with hegemony in RO, RR, and TO prison systems. The PCC expanded aggressively into the Amazon after the 2016 rupture with CV, seeking control of cocaine transit routes from Peru, Colombia, and Bolivia."
2023,1100304,Rondônia,Vilhena,PCC,Primeiro Comando da Capital,All BLA states,1,0,"National faction originating from São Paulo's prison system (founded 1993). Highly centralized hierarchy with leadership from SP/PR. Present in all 9 Amazonian states across all four editions. Detected in 90 municipalities in 2025, with hegemony in RO, RR, and TO prison systems. The PCC expanded aggressively into the Amazon after the 2016 rupture with CV, seeking control of cocaine transit routes from Peru, Colombia, and Bolivia."
2023,1100338,Rondônia,Nova Mamoré,PCP,Primeiro Comando Panda,"RO, RR",1,0,"Local faction from Rondônia. Present in Alta Floresta d'Oeste, Nova Mamoré, Novo Horizonte do Oeste, and São Francisco do Guaporé (2023). The 2025 edition explicitly states PCP was no longer detected."
2023,1100346,Rondônia,Alvorada d'Oeste,PCC,Primeiro Comando da Capital,All BLA states,1,0,"National faction originating from São Paulo's prison system (founded 1993). Highly centralized hierarchy with leadership from SP/PR. Present in all 9 Amazonian states across all four editions. Detected in 90 municipalities in 2025, with hegemony in RO, RR, and TO prison systems. The PCC expanded aggressively into the Amazon after the 2016 rupture with CV, seeking control of cocaine transit routes from Peru, Colombia, and Bolivia."
2023,1100379,Rondônia,Alto Alegre do Pareci,PCC,Primeiro Comando da Capital,All BLA states,1,0,"National faction originating from São Paulo's prison system (founded 1993). Highly centralized hierarchy with leadership from SP/PR. Present in all 9 Amazonian states across all four editions. Detected in 90 municipalities in 2025, with hegemony in RO, RR, and TO prison systems. The PCC expanded aggressively into the Amazon after the 2016 rupture with CV, seeking control of cocaine transit routes from Peru, Colombia, and Bolivia."
2023,1100502,Rondônia,Novo Horizonte do Oeste,PCC,Primeiro Comando da Capital,All BLA states,1,0,"National faction originating from São Paulo's prison system (founded 1993). Highly centralized hierarchy with leadership from SP/PR. Present in all 9 Amazonian states across all four editions. Detected in 90 municipalities in 2025, with hegemony in RO, RR, and TO prison systems. The PCC expanded aggressively into the Amazon after the 2016 rupture with CV, seeking control of cocaine transit routes from Peru, Colombia, and Bolivia."
2023,1100502,Rondônia,Novo Horizonte do Oeste,PCP,Primeiro Comando Panda,"RO, RR",1,0,"Local faction from Rondônia. Present in Alta Floresta d'Oeste, Nova Mamoré, Novo Horizonte do Oeste, and São Francisco do Guaporé (2023). The 2025 edition explicitly states PCP was no longer detected."
2023,1100700,Rondônia,Campo Novo de Rondônia,CV,Comando Vermelho,All BLA states,0,1,"National faction originating from Rio de Janeiro's prison system (founded late 1970s). Decentralized governance that preserves local leadership structures, facilitating alliances with regional groups. After the 2016 conflict with PCC, CV allied with FDN to access the Solimões drug route and expanded rapidly through the Amazon prison system. Hegemonic in PA (Belém metro), AC, AM, and MA. Detected in 286 municipalities in 2025, present in all 9 states."
2023,1100924,Rondônia,Chupinguaia,CV,Comando Vermelho,All BLA states,0,1,"National faction originating from Rio de Janeiro's prison system (founded late 1970s). Decentralized governance that preserves local leadership structures, facilitating alliances with regional groups. After the 2016 conflict with PCC, CV allied with FDN to access the Solimões drug route and expanded rapidly through the Amazon prison system. Hegemonic in PA (Belém metro), AC, AM, and MA. Detected in 286 municipalities in 2025, present in all 9 states."
2023,1100924,Rondônia,Chupinguaia,PCC,Primeiro Comando da Capital,All BLA states,1,0,"National faction originating from São Paulo's prison system (founded 1993). Highly centralized hierarchy with leadership from SP/PR. Present in all 9 Amazonian states across all four editions. Detected in 90 municipalities in 2025, with hegemony in RO, RR, and TO prison systems. The PCC expanded aggressively into the Amazon after the 2016 rupture with CV, seeking control of cocaine transit routes from Peru, Colombia, and Bolivia."
2023,1101005,Rondônia,Governador Jorge Teixeira,PCC,Primeiro Comando da Capital,All BLA states,1,0,"National faction originating from São Paulo's prison system (founded 1993). Highly centralized hierarchy with leadership from SP/PR. Present in all 9 Amazonian states across all four editions. Detected in 90 municipalities in 2025, with hegemony in RO, RR, and TO prison systems. The PCC expanded aggressively into the Amazon after the 2016 rupture with CV, seeking control of cocaine transit routes from Peru, Colombia, and Bolivia."
2023,1101468,Rondônia,Pimenteiras do Oeste,CV,Comando Vermelho,All BLA states,0,1,"National faction originating from Rio de Janeiro's prison system (founded late 1970s). Decentralized governance that preserves local leadership structures, facilitating alliances with regional groups. After the 2016 conflict with PCC, CV allied with FDN to access the Solimões drug route and expanded rapidly through the Amazon prison system. Hegemonic in PA (Belém metro), AC, AM, and MA. Detected in 286 municipalities in 2025, present in all 9 states."
2023,1101476,Rondônia,Primavera de Rondônia,PCC,Primeiro Comando da Capital,All BLA states,1,0,"National faction originating from São Paulo's prison system (founded 1993). Highly centralized hierarchy with leadership from SP/PR. Present in all 9 Amazonian states across all four editions. Detected in 90 municipalities in 2025, with hegemony in RO, RR, and TO prison systems. The PCC expanded aggressively into the Amazon after the 2016 rupture with CV, seeking control of cocaine transit routes from Peru, Colombia, and Bolivia."
2023,1101492,Rondônia,São Francisco do Guaporé,CV,Comando Vermelho,All BLA states,0,1,"National faction originating from Rio de Janeiro's prison system (founded late 1970s). Decentralized governance that preserves local leadership structures, facilitating alliances with regional groups. After the 2016 conflict with PCC, CV allied with FDN to access the Solimões drug route and expanded rapidly through the Amazon prison system. Hegemonic in PA (Belém metro), AC, AM, and MA. Detected in 286 municipalities in 2025, present in all 9 states."
2023,1101492,Rondônia,São Francisco do Guaporé,PCC,Primeiro Comando da Capital,All BLA states,1,0,"National faction originating from São Paulo's prison system (founded 1993). Highly centralized hierarchy with leadership from SP/PR. Present in all 9 Amazonian states across all four editions. Detected in 90 municipalities in 2025, with hegemony in RO, RR, and TO prison systems. The PCC expanded aggressively into the Amazon after the 2016 rupture with CV, seeking control of cocaine transit routes from Peru, Colombia, and Bolivia."
2023,1101492,Rondônia,São Francisco do Guaporé,PCP,Primeiro Comando Panda,"RO, RR",1,0,"Local faction from Rondônia. Present in Alta Floresta d'Oeste, Nova Mamoré, Novo Horizonte do Oeste, and São Francisco do Guaporé (2023). The 2025 edition explicitly states PCP was no longer detected."
2023,1101500,Rondônia,Seringueiras,CV,Comando Vermelho,All BLA states,0,1,"National faction originating from Rio de Janeiro's prison system (founded late 1970s). Decentralized governance that preserves local leadership structures, facilitating alliances with regional groups. After the 2016 conflict with PCC, CV allied with FDN to access the Solimões drug route and expanded rapidly through the Amazon prison system. Hegemonic in PA (Belém metro), AC, AM, and MA. Detected in 286 municipalities in 2025, present in all 9 states."
2023,1101500,Rondônia,Seringueiras,PCC,Primeiro Comando da Capital,All BLA states,1,0,"National faction originating from São Paulo's prison system (founded 1993). Highly centralized hierarchy with leadership from SP/PR. Present in all 9 Amazonian states across all four editions. Detected in 90 municipalities in 2025, with hegemony in RO, RR, and TO prison systems. The PCC expanded aggressively into the Amazon after the 2016 rupture with CV, seeking control of cocaine transit routes from Peru, Colombia, and Bolivia."
2023,1200013,Acre,Acrelândia,CV,Comando Vermelho,All BLA states,0,1,"National faction originating from Rio de Janeiro's prison system (founded late 1970s). Decentralized governance that preserves local leadership structures, facilitating alliances with regional groups. After the 2016 conflict with PCC, CV allied with FDN to access the Solimões drug route and expanded rapidly through the Amazon prison system. Hegemonic in PA (Belém metro), AC, AM, and MA. Detected in 286 municipalities in 2025, present in all 9 states."
2023,1200054,Acre,Assis Brasil,B13,Bonde dos 13,"AC, PA",1,0,"Local faction originating from Acre. Allied with PCC in the inter-state prison network connecting AC, AP, and PA throughout 2022–2024: the 2024 edition states 'B13 and PCC are allies in the state' of Acre. Present in 5 AC municipalities (Assis Brasil, Brasiléia, Epitaciolândia, Rio Branco, Sena Madureira) in 2025."
2023,1200054,Acre,Assis Brasil,CV,Comando Vermelho,All BLA states,0,1,"National faction originating from Rio de Janeiro's prison system (founded late 1970s). Decentralized governance that preserves local leadership structures, facilitating alliances with regional groups. After the 2016 conflict with PCC, CV allied with FDN to access the Solimões drug route and expanded rapidly through the Amazon prison system. Hegemonic in PA (Belém metro), AC, AM, and MA. Detected in 286 municipalities in 2025, present in all 9 states."
2023,1200104,Acre,Brasiléia,B13,Bonde dos 13,"AC, PA",1,0,"Local faction originating from Acre. Allied with PCC in the inter-state prison network connecting AC, AP, and PA throughout 2022–2024: the 2024 edition states 'B13 and PCC are allies in the state' of Acre. Present in 5 AC municipalities (Assis Brasil, Brasiléia, Epitaciolândia, Rio Branco, Sena Madureira) in 2025."
2023,1200104,Acre,Brasiléia,CV,Comando Vermelho,All BLA states,0,1,"National faction originating from Rio de Janeiro's prison system (founded late 1970s). Decentralized governance that preserves local leadership structures, facilitating alliances with regional groups. After the 2016 conflict with PCC, CV allied with FDN to access the Solimões drug route and expanded rapidly through the Amazon prison system. Hegemonic in PA (Belém metro), AC, AM, and MA. Detected in 286 municipalities in 2025, present in all 9 states."
2023,1200138,Acre,Bujari,CV,Comando Vermelho,All BLA states,0,1,"National faction originating from Rio de Janeiro's prison system (founded late 1970s). Decentralized governance that preserves local leadership structures, facilitating alliances with regional groups. After the 2016 conflict with PCC, CV allied with FDN to access the Solimões drug route and expanded rapidly through the Amazon prison system. Hegemonic in PA (Belém metro), AC, AM, and MA. Detected in 286 municipalities in 2025, present in all 9 states."
2023,1200138,Acre,Bujari,Ifara,Ifara,Acre,0,0,No explicit PCC or CV alliance coded in the source workbook.
2023,1200179,Acre,Capixaba,CV,Comando Vermelho,All BLA states,0,1,"National faction originating from Rio de Janeiro's prison system (founded late 1970s). Decentralized governance that preserves local leadership structures, facilitating alliances with regional groups. After the 2016 conflict with PCC, CV allied with FDN to access the Solimões drug route and expanded rapidly through the Amazon prison system. Hegemonic in PA (Belém metro), AC, AM, and MA. Detected in 286 municipalities in 2025, present in all 9 states."
2023,1200203,Acre,Cruzeiro do Sul,B13,Bonde dos 13,"AC, PA",1,0,"Local faction originating from Acre. Allied with PCC in the inter-state prison network connecting AC, AP, and PA throughout 2022–2024: the 2024 edition states 'B13 and PCC are allies in the state' of Acre. Present in 5 AC municipalities (Assis Brasil, Brasiléia, Epitaciolândia, Rio Branco, Sena Madureira) in 2025."
2023,1200203,Acre,Cruzeiro do Sul,CV,Comando Vermelho,All BLA states,0,1,"National faction originating from Rio de Janeiro's prison system (founded late 1970s). Decentralized governance that preserves local leadership structures, facilitating alliances with regional groups. After the 2016 conflict with PCC, CV allied with FDN to access the Solimões drug route and expanded rapidly through the Amazon prison system. Hegemonic in PA (Belém metro), AC, AM, and MA. Detected in 286 municipalities in 2025, present in all 9 states."
2023,1200252,Acre,Epitaciolândia,B13,Bonde dos 13,"AC, PA",1,0,"Local faction originating from Acre. Allied with PCC in the inter-state prison network connecting AC, AP, and PA throughout 2022–2024: the 2024 edition states 'B13 and PCC are allies in the state' of Acre. Present in 5 AC municipalities (Assis Brasil, Brasiléia, Epitaciolândia, Rio Branco, Sena Madureira) in 2025."
2023,1200252,Acre,Epitaciolândia,PCC,Primeiro Comando da Capital,All BLA states,1,0,"National faction originating from São Paulo's prison system (founded 1993). Highly centralized hierarchy with leadership from SP/PR. Present in all 9 Amazonian states across all four editions. Detected in 90 municipalities in 2025, with hegemony in RO, RR, and TO prison systems. The PCC expanded aggressively into the Amazon after the 2016 rupture with CV, seeking control of cocaine transit routes from Peru, Colombia, and Bolivia."
2023,1200302,Acre,Feijó,Deus Morte,Deus da Morte,AC,0,0,Appeared in the 2023 edition alongside PCC in two Acre municipalities: Feijó and Sena Madureira.
2023,1200302,Acre,Feijó,PCC,Primeiro Comando da Capital,All BLA states,1,0,"National faction originating from São Paulo's prison system (founded 1993). Highly centralized hierarchy with leadership from SP/PR. Present in all 9 Amazonian states across all four editions. Detected in 90 municipalities in 2025, with hegemony in RO, RR, and TO prison systems. The PCC expanded aggressively into the Amazon after the 2016 rupture with CV, seeking control of cocaine transit routes from Peru, Colombia, and Bolivia."
2023,1200328,Acre,Jordão,B13,Bonde dos 13,"AC, PA",1,0,"Local faction originating from Acre. Allied with PCC in the inter-state prison network connecting AC, AP, and PA throughout 2022–2024: the 2024 edition states 'B13 and PCC are allies in the state' of Acre. Present in 5 AC municipalities (Assis Brasil, Brasiléia, Epitaciolândia, Rio Branco, Sena Madureira) in 2025."
2023,1200328,Acre,Jordão,CV,Comando Vermelho,All BLA states,0,1,"National faction originating from Rio de Janeiro's prison system (founded late 1970s). Decentralized governance that preserves local leadership structures, facilitating alliances with regional groups. After the 2016 conflict with PCC, CV allied with FDN to access the Solimões drug route and expanded rapidly through the Amazon prison system. Hegemonic in PA (Belém metro), AC, AM, and MA. Detected in 286 municipalities in 2025, present in all 9 states."
2023,1200336,Acre,Mâncio Lima,B13,Bonde dos 13,"AC, PA",1,0,"Local faction originating from Acre. Allied with PCC in the inter-state prison network connecting AC, AP, and PA throughout 2022–2024: the 2024 edition states 'B13 and PCC are allies in the state' of Acre. Present in 5 AC municipalities (Assis Brasil, Brasiléia, Epitaciolândia, Rio Branco, Sena Madureira) in 2025."
2023,1200336,Acre,Mâncio Lima,CV,Comando Vermelho,All BLA states,0,1,"National faction originating from Rio de Janeiro's prison system (founded late 1970s). Decentralized governance that preserves local leadership structures, facilitating alliances with regional groups. After the 2016 conflict with PCC, CV allied with FDN to access the Solimões drug route and expanded rapidly through the Amazon prison system. Hegemonic in PA (Belém metro), AC, AM, and MA. Detected in 286 municipalities in 2025, present in all 9 states."
2023,1200344,Acre,Manoel Urbano,B13,Bonde dos 13,"AC, PA",1,0,"Local faction originating from Acre. Allied with PCC in the inter-state prison network connecting AC, AP, and PA throughout 2022–2024: the 2024 edition states 'B13 and PCC are allies in the state' of Acre. Present in 5 AC municipalities (Assis Brasil, Brasiléia, Epitaciolândia, Rio Branco, Sena Madureira) in 2025."
2023,1200351,Acre,Marechal Thaumaturgo,B13,Bonde dos 13,"AC, PA",1,0,"Local faction originating from Acre. Allied with PCC in the inter-state prison network connecting AC, AP, and PA throughout 2022–2024: the 2024 edition states 'B13 and PCC are allies in the state' of Acre. Present in 5 AC municipalities (Assis Brasil, Brasiléia, Epitaciolândia, Rio Branco, Sena Madureira) in 2025."
2023,1200351,Acre,Marechal Thaumaturgo,CV,Comando Vermelho,All BLA states,0,1,"National faction originating from Rio de Janeiro's prison system (founded late 1970s). Decentralized governance that preserves local leadership structures, facilitating alliances with regional groups. After the 2016 conflict with PCC, CV allied with FDN to access the Solimões drug route and expanded rapidly through the Amazon prison system. Hegemonic in PA (Belém metro), AC, AM, and MA. Detected in 286 municipalities in 2025, present in all 9 states."
2023,1200385,Acre,Plácido de Castro,Grupos Bolivianos,Grupos Bolivianos,AC,0,0,Umbrella term for Bolivian criminal groups operating in the AC-Bolivia border. Mentioned in Plácido de Castro. Autonomous transnational actors involved in cocaine transit.
2023,1200385,Acre,Plácido de Castro,PCC,Primeiro Comando da Capital,All BLA states,1,0,"National faction originating from São Paulo's prison system (founded 1993). Highly centralized hierarchy with leadership from SP/PR. Present in all 9 Amazonian states across all four editions. Detected in 90 municipalities in 2025, with hegemony in RO, RR, and TO prison systems. The PCC expanded aggressively into the Amazon after the 2016 rupture with CV, seeking control of cocaine transit routes from Peru, Colombia, and Bolivia."
2023,1200401,Acre,Rio Branco,B13,Bonde dos 13,"AC, PA",1,0,"Local faction originating from Acre. Allied with PCC in the inter-state prison network connecting AC, AP, and PA throughout 2022–2024: the 2024 edition states 'B13 and PCC are allies in the state' of Acre. Present in 5 AC municipalities (Assis Brasil, Brasiléia, Epitaciolândia, Rio Branco, Sena Madureira) in 2025."
2023,1200401,Acre,Rio Branco,CV,Comando Vermelho,All BLA states,0,1,"National faction originating from Rio de Janeiro's prison system (founded late 1970s). Decentralized governance that preserves local leadership structures, facilitating alliances with regional groups. After the 2016 conflict with PCC, CV allied with FDN to access the Solimões drug route and expanded rapidly through the Amazon prison system. Hegemonic in PA (Belém metro), AC, AM, and MA. Detected in 286 municipalities in 2025, present in all 9 states."
2023,1200401,Acre,Rio Branco,Deus Morte,Deus da Morte,AC,0,0,Appeared in the 2023 edition alongside PCC in two Acre municipalities: Feijó and Sena Madureira.
2023,1200401,Acre,Rio Branco,PCC,Primeiro Comando da Capital,All BLA states,1,0,"National faction originating from São Paulo's prison system (founded 1993). Highly centralized hierarchy with leadership from SP/PR. Present in all 9 Amazonian states across all four editions. Detected in 90 municipalities in 2025, with hegemony in RO, RR, and TO prison systems. The PCC expanded aggressively into the Amazon after the 2016 rupture with CV, seeking control of cocaine transit routes from Peru, Colombia, and Bolivia."
2023,1200427,Acre,Rodrigues Alves,PCC,Primeiro Comando da Capital,All BLA states,1,0,"National faction originating from São Paulo's prison system (founded 1993). Highly centralized hierarchy with leadership from SP/PR. Present in all 9 Amazonian states across all four editions. Detected in 90 municipalities in 2025, with hegemony in RO, RR, and TO prison systems. The PCC expanded aggressively into the Amazon after the 2016 rupture with CV, seeking control of cocaine transit routes from Peru, Colombia, and Bolivia."
2023,1200450,Acre,Senador Guiomard,B13,Bonde dos 13,"AC, PA",1,0,"Local faction originating from Acre. Allied with PCC in the inter-state prison network connecting AC, AP, and PA throughout 2022–2024: the 2024 edition states 'B13 and PCC are allies in the state' of Acre. Present in 5 AC municipalities (Assis Brasil, Brasiléia, Epitaciolândia, Rio Branco, Sena Madureira) in 2025."
2023,1200450,Acre,Senador Guiomard,CV,Comando Vermelho,All BLA states,0,1,"National faction originating from Rio de Janeiro's prison system (founded late 1970s). Decentralized governance that preserves local leadership structures, facilitating alliances with regional groups. After the 2016 conflict with PCC, CV allied with FDN to access the Solimões drug route and expanded rapidly through the Amazon prison system. Hegemonic in PA (Belém metro), AC, AM, and MA. Detected in 286 municipalities in 2025, present in all 9 states."
2023,1200450,Acre,Senador Guiomard,PCC,Primeiro Comando da Capital,All BLA states,1,0,"National faction originating from São Paulo's prison system (founded 1993). Highly centralized hierarchy with leadership from SP/PR. Present in all 9 Amazonian states across all four editions. Detected in 90 municipalities in 2025, with hegemony in RO, RR, and TO prison systems. The PCC expanded aggressively into the Amazon after the 2016 rupture with CV, seeking control of cocaine transit routes from Peru, Colombia, and Bolivia."
2023,1200500,Acre,Sena Madureira,Deus Morte,Deus da Morte,AC,0,0,Appeared in the 2023 edition alongside PCC in two Acre municipalities: Feijó and Sena Madureira.
2023,1200500,Acre,Sena Madureira,PCC,Primeiro Comando da Capital,All BLA states,1,0,"National faction originating from São Paulo's prison system (founded 1993). Highly centralized hierarchy with leadership from SP/PR. Present in all 9 Amazonian states across all four editions. Detected in 90 municipalities in 2025, with hegemony in RO, RR, and TO prison systems. The PCC expanded aggressively into the Amazon after the 2016 rupture with CV, seeking control of cocaine transit routes from Peru, Colombia, and Bolivia."
2023,1200609,Acre,Tarauacá,CV,Comando Vermelho,All BLA states,0,1,"National faction originating from Rio de Janeiro's prison system (founded late 1970s). Decentralized governance that preserves local leadership structures, facilitating alliances with regional groups. After the 2016 conflict with PCC, CV allied with FDN to access the Solimões drug route and expanded rapidly through the Amazon prison system. Hegemonic in PA (Belém metro), AC, AM, and MA. Detected in 286 municipalities in 2025, present in all 9 states."
2023,1200708,Acre,Xapuri,CV,Comando Vermelho,All BLA states,0,1,"National faction originating from Rio de Janeiro's prison system (founded late 1970s). Decentralized governance that preserves local leadership structures, facilitating alliances with regional groups. After the 2016 conflict with PCC, CV allied with FDN to access the Solimões drug route and expanded rapidly through the Amazon prison system. Hegemonic in PA (Belém metro), AC, AM, and MA. Detected in 286 municipalities in 2025, present in all 9 states."
2023,1200807,Acre,Porto Acre,CV,Comando Vermelho,All BLA states,0,1,"National faction originating from Rio de Janeiro's prison system (founded late 1970s). Decentralized governance that preserves local leadership structures, facilitating alliances with regional groups. After the 2016 conflict with PCC, CV allied with FDN to access the Solimões drug route and expanded rapidly through the Amazon prison system. Hegemonic in PA (Belém metro), AC, AM, and MA. Detected in 286 municipalities in 2025, present in all 9 states."
2023,1300060,Amazonas,Amaturá,CV,Comando Vermelho,All BLA states,0,1,"National faction originating from Rio de Janeiro's prison system (founded late 1970s). Decentralized governance that preserves local leadership structures, facilitating alliances with regional groups. After the 2016 conflict with PCC, CV allied with FDN to access the Solimões drug route and expanded rapidly through the Amazon prison system. Hegemonic in PA (Belém metro), AC, AM, and MA. Detected in 286 municipalities in 2025, present in all 9 states."
2023,1300060,Amazonas,Amaturá,PCC,Primeiro Comando da Capital,All BLA states,1,0,"National faction originating from São Paulo's prison system (founded 1993). Highly centralized hierarchy with leadership from SP/PR. Present in all 9 Amazonian states across all four editions. Detected in 90 municipalities in 2025, with hegemony in RO, RR, and TO prison systems. The PCC expanded aggressively into the Amazon after the 2016 rupture with CV, seeking control of cocaine transit routes from Peru, Colombia, and Bolivia."
2023,1300201,Amazonas,Atalaia do Norte,CV,Comando Vermelho,All BLA states,0,1,"National faction originating from Rio de Janeiro's prison system (founded late 1970s). Decentralized governance that preserves local leadership structures, facilitating alliances with regional groups. After the 2016 conflict with PCC, CV allied with FDN to access the Solimões drug route and expanded rapidly through the Amazon prison system. Hegemonic in PA (Belém metro), AC, AM, and MA. Detected in 286 municipalities in 2025, present in all 9 states."
2023,1300201,Amazonas,Atalaia do Norte,Os Crias,Os Crias,AM,1,0,Emerged in the Peru/Colombia/Brazil border region of Amazonas. Not listed in 2024 or 2025.
2023,1300201,Amazonas,Atalaia do Norte,PCC,Primeiro Comando da Capital,All BLA states,1,0,"National faction originating from São Paulo's prison system (founded 1993). Highly centralized hierarchy with leadership from SP/PR. Present in all 9 Amazonian states across all four editions. Detected in 90 municipalities in 2025, with hegemony in RO, RR, and TO prison systems. The PCC expanded aggressively into the Amazon after the 2016 rupture with CV, seeking control of cocaine transit routes from Peru, Colombia, and Bolivia."
2023,1300409,Amazonas,Barcelos,CV,Comando Vermelho,All BLA states,0,1,"National faction originating from Rio de Janeiro's prison system (founded late 1970s). Decentralized governance that preserves local leadership structures, facilitating alliances with regional groups. After the 2016 conflict with PCC, CV allied with FDN to access the Solimões drug route and expanded rapidly through the Amazon prison system. Hegemonic in PA (Belém metro), AC, AM, and MA. Detected in 286 municipalities in 2025, present in all 9 states."
2023,1300409,Amazonas,Barcelos,Os Crias,Os Crias,AM,1,0,Emerged in the Peru/Colombia/Brazil border region of Amazonas. Not listed in 2024 or 2025.
2023,1300409,Amazonas,Barcelos,PCC,Primeiro Comando da Capital,All BLA states,1,0,"National faction originating from São Paulo's prison system (founded 1993). Highly centralized hierarchy with leadership from SP/PR. Present in all 9 Amazonian states across all four editions. Detected in 90 municipalities in 2025, with hegemony in RO, RR, and TO prison systems. The PCC expanded aggressively into the Amazon after the 2016 rupture with CV, seeking control of cocaine transit routes from Peru, Colombia, and Bolivia."
2023,1300607,Amazonas,Benjamin Constant,CV,Comando Vermelho,All BLA states,0,1,"National faction originating from Rio de Janeiro's prison system (founded late 1970s). Decentralized governance that preserves local leadership structures, facilitating alliances with regional groups. After the 2016 conflict with PCC, CV allied with FDN to access the Solimões drug route and expanded rapidly through the Amazon prison system. Hegemonic in PA (Belém metro), AC, AM, and MA. Detected in 286 municipalities in 2025, present in all 9 states."
2023,1300706,Amazonas,Boca do Acre,CV,Comando Vermelho,All BLA states,0,1,"National faction originating from Rio de Janeiro's prison system (founded late 1970s). Decentralized governance that preserves local leadership structures, facilitating alliances with regional groups. After the 2016 conflict with PCC, CV allied with FDN to access the Solimões drug route and expanded rapidly through the Amazon prison system. Hegemonic in PA (Belém metro), AC, AM, and MA. Detected in 286 municipalities in 2025, present in all 9 states."
2023,1300706,Amazonas,Boca do Acre,PCC,Primeiro Comando da Capital,All BLA states,1,0,"National faction originating from São Paulo's prison system (founded 1993). Highly centralized hierarchy with leadership from SP/PR. Present in all 9 Amazonian states across all four editions. Detected in 90 municipalities in 2025, with hegemony in RO, RR, and TO prison systems. The PCC expanded aggressively into the Amazon after the 2016 rupture with CV, seeking control of cocaine transit routes from Peru, Colombia, and Bolivia."
2023,1300904,Amazonas,Canutama,CV,Comando Vermelho,All BLA states,0,1,"National faction originating from Rio de Janeiro's prison system (founded late 1970s). Decentralized governance that preserves local leadership structures, facilitating alliances with regional groups. After the 2016 conflict with PCC, CV allied with FDN to access the Solimões drug route and expanded rapidly through the Amazon prison system. Hegemonic in PA (Belém metro), AC, AM, and MA. Detected in 286 municipalities in 2025, present in all 9 states."
2023,1300904,Amazonas,Canutama,PCC,Primeiro Comando da Capital,All BLA states,1,0,"National faction originating from São Paulo's prison system (founded 1993). Highly centralized hierarchy with leadership from SP/PR. Present in all 9 Amazonian states across all four editions. Detected in 90 municipalities in 2025, with hegemony in RO, RR, and TO prison systems. The PCC expanded aggressively into the Amazon after the 2016 rupture with CV, seeking control of cocaine transit routes from Peru, Colombia, and Bolivia."
2023,1301209,Amazonas,Coari,PCC,Primeiro Comando da Capital,All BLA states,1,0,"National faction originating from São Paulo's prison system (founded 1993). Highly centralized hierarchy with leadership from SP/PR. Present in all 9 Amazonian states across all four editions. Detected in 90 municipalities in 2025, with hegemony in RO, RR, and TO prison systems. The PCC expanded aggressively into the Amazon after the 2016 rupture with CV, seeking control of cocaine transit routes from Peru, Colombia, and Bolivia."
2023,1301209,Amazonas,Coari,Piratas Solimões,Piratas dos Solimões,AM,0,0,"River-based criminal group operating along the Solimões river corridor, particularly around Coari and Tefé (AM). Originated from the 'Família do Coari' mentioned in 2022. Intercepts drug shipments transported by river. Appears alongside PCC in Coari and Tefé in 2023, but operates opportunistically rather than as a stable ally — their modus operandi (hijacking cargo) is parasitic on whoever controls the route. Present in 3 municipalities."
2023,1301308,Amazonas,Codajás,PCC,Primeiro Comando da Capital,All BLA states,1,0,"National faction originating from São Paulo's prison system (founded 1993). Highly centralized hierarchy with leadership from SP/PR. Present in all 9 Amazonian states across all four editions. Detected in 90 municipalities in 2025, with hegemony in RO, RR, and TO prison systems. The PCC expanded aggressively into the Amazon after the 2016 rupture with CV, seeking control of cocaine transit routes from Peru, Colombia, and Bolivia."
2023,1301308,Amazonas,Codajás,Piratas Solimões,Piratas dos Solimões,AM,0,0,"River-based criminal group operating along the Solimões river corridor, particularly around Coari and Tefé (AM). Originated from the 'Família do Coari' mentioned in 2022. Intercepts drug shipments transported by river. Appears alongside PCC in Coari and Tefé in 2023, but operates opportunistically rather than as a stable ally — their modus operandi (hijacking cargo) is parasitic on whoever controls the route. Present in 3 municipalities."
2023,1301654,Amazonas,Guajará,CV,Comando Vermelho,All BLA states,0,1,"National faction originating from Rio de Janeiro's prison system (founded late 1970s). Decentralized governance that preserves local leadership structures, facilitating alliances with regional groups. After the 2016 conflict with PCC, CV allied with FDN to access the Solimões drug route and expanded rapidly through the Amazon prison system. Hegemonic in PA (Belém metro), AC, AM, and MA. Detected in 286 municipalities in 2025, present in all 9 states."
2023,1301803,Amazonas,Ipixuna,CV,Comando Vermelho,All BLA states,0,1,"National faction originating from Rio de Janeiro's prison system (founded late 1970s). Decentralized governance that preserves local leadership structures, facilitating alliances with regional groups. After the 2016 conflict with PCC, CV allied with FDN to access the Solimões drug route and expanded rapidly through the Amazon prison system. Hegemonic in PA (Belém metro), AC, AM, and MA. Detected in 286 municipalities in 2025, present in all 9 states."
2023,1301852,Amazonas,Iranduba,CV,Comando Vermelho,All BLA states,0,1,"National faction originating from Rio de Janeiro's prison system (founded late 1970s). Decentralized governance that preserves local leadership structures, facilitating alliances with regional groups. After the 2016 conflict with PCC, CV allied with FDN to access the Solimões drug route and expanded rapidly through the Amazon prison system. Hegemonic in PA (Belém metro), AC, AM, and MA. Detected in 286 municipalities in 2025, present in all 9 states."
2023,1301902,Amazonas,Itacoatiara,CV,Comando Vermelho,All BLA states,0,1,"National faction originating from Rio de Janeiro's prison system (founded late 1970s). Decentralized governance that preserves local leadership structures, facilitating alliances with regional groups. After the 2016 conflict with PCC, CV allied with FDN to access the Solimões drug route and expanded rapidly through the Amazon prison system. Hegemonic in PA (Belém metro), AC, AM, and MA. Detected in 286 municipalities in 2025, present in all 9 states."
2023,1301902,Amazonas,Itacoatiara,PCC,Primeiro Comando da Capital,All BLA states,1,0,"National faction originating from São Paulo's prison system (founded 1993). Highly centralized hierarchy with leadership from SP/PR. Present in all 9 Amazonian states across all four editions. Detected in 90 municipalities in 2025, with hegemony in RO, RR, and TO prison systems. The PCC expanded aggressively into the Amazon after the 2016 rupture with CV, seeking control of cocaine transit routes from Peru, Colombia, and Bolivia."
2023,1301902,Amazonas,Itacoatiara,RDA,Revolucionários do Amazonas,AM,1,0,"Emerged from FDN fragmentation. Part of the post-FDN ecosystem operating within PCC's orbit. Not listed in 2024 or 2025, suggesting absorption."
2023,1302108,Amazonas,Japurá,CV,Comando Vermelho,All BLA states,0,1,"National faction originating from Rio de Janeiro's prison system (founded late 1970s). Decentralized governance that preserves local leadership structures, facilitating alliances with regional groups. After the 2016 conflict with PCC, CV allied with FDN to access the Solimões drug route and expanded rapidly through the Amazon prison system. Hegemonic in PA (Belém metro), AC, AM, and MA. Detected in 286 municipalities in 2025, present in all 9 states."
2023,1302108,Amazonas,Japurá,Carolina Ramírez,Ex-FARC Carolina Ramírez,AM,0,0,Colombian FARC dissidence that operates along the Japurá river on the AM-Colombia border.
2023,1302108,Amazonas,Japurá,EMC,Estado Mayor Central (FARC dissidence),AM,0,0,"Colombian FARC dissidence (Estado Mayor Central). Operates in the AM-Colombia border, specifically in Japurá. Listed among active factions in 2025. Autonomous transnational actor cooperating with CV on the Japurá river route but maintaining independent command structure."
2023,1302306,Amazonas,Jutaí,CV,Comando Vermelho,All BLA states,0,1,"National faction originating from Rio de Janeiro's prison system (founded late 1970s). Decentralized governance that preserves local leadership structures, facilitating alliances with regional groups. After the 2016 conflict with PCC, CV allied with FDN to access the Solimões drug route and expanded rapidly through the Amazon prison system. Hegemonic in PA (Belém metro), AC, AM, and MA. Detected in 286 municipalities in 2025, present in all 9 states."
2023,1302405,Amazonas,Lábrea,CV,Comando Vermelho,All BLA states,0,1,"National faction originating from Rio de Janeiro's prison system (founded late 1970s). Decentralized governance that preserves local leadership structures, facilitating alliances with regional groups. After the 2016 conflict with PCC, CV allied with FDN to access the Solimões drug route and expanded rapidly through the Amazon prison system. Hegemonic in PA (Belém metro), AC, AM, and MA. Detected in 286 municipalities in 2025, present in all 9 states."
2023,1302405,Amazonas,Lábrea,PCC,Primeiro Comando da Capital,All BLA states,1,0,"National faction originating from São Paulo's prison system (founded 1993). Highly centralized hierarchy with leadership from SP/PR. Present in all 9 Amazonian states across all four editions. Detected in 90 municipalities in 2025, with hegemony in RO, RR, and TO prison systems. The PCC expanded aggressively into the Amazon after the 2016 rupture with CV, seeking control of cocaine transit routes from Peru, Colombia, and Bolivia."
2023,1302504,Amazonas,Manacapuru,CV,Comando Vermelho,All BLA states,0,1,"National faction originating from Rio de Janeiro's prison system (founded late 1970s). Decentralized governance that preserves local leadership structures, facilitating alliances with regional groups. After the 2016 conflict with PCC, CV allied with FDN to access the Solimões drug route and expanded rapidly through the Amazon prison system. Hegemonic in PA (Belém metro), AC, AM, and MA. Detected in 286 municipalities in 2025, present in all 9 states."
2023,1302504,Amazonas,Manacapuru,FDN,Família do Norte,AM,0,1,"Founded in 2007 in Amazonas, became Brazil's third-largest faction. Allied with CV from 2016, gaining access to the Solimões cocaine route. The alliance ruptured in 2018, leading to a war that nearly destroyed FDN. Residual presence in Manaus and Manacapuru by 2023."
2023,1302603,Amazonas,Manaus,CDN,Cartel do Norte,AM,1,0,Emerged from the fragmentation of FDN after the 2018 rupture with CV. Part of the post-FDN ecosystem operating within PCC's orbit. Not listed in 2024 or 2025.
2023,1302603,Amazonas,Manaus,CV,Comando Vermelho,All BLA states,0,1,"National faction originating from Rio de Janeiro's prison system (founded late 1970s). Decentralized governance that preserves local leadership structures, facilitating alliances with regional groups. After the 2016 conflict with PCC, CV allied with FDN to access the Solimões drug route and expanded rapidly through the Amazon prison system. Hegemonic in PA (Belém metro), AC, AM, and MA. Detected in 286 municipalities in 2025, present in all 9 states."
2023,1302603,Amazonas,Manaus,FDN,Família do Norte,AM,0,1,"Founded in 2007 in Amazonas, became Brazil's third-largest faction. Allied with CV from 2016, gaining access to the Solimões cocaine route. The alliance ruptured in 2018, leading to a war that nearly destroyed FDN. Residual presence in Manaus and Manacapuru by 2023."
2023,1302603,Amazonas,Manaus,PCC,Primeiro Comando da Capital,All BLA states,1,0,"National faction originating from São Paulo's prison system (founded 1993). Highly centralized hierarchy with leadership from SP/PR. Present in all 9 Amazonian states across all four editions. Detected in 90 municipalities in 2025, with hegemony in RO, RR, and TO prison systems. The PCC expanded aggressively into the Amazon after the 2016 rupture with CV, seeking control of cocaine transit routes from Peru, Colombia, and Bolivia."
2023,1302702,Amazonas,Manicoré,CV,Comando Vermelho,All BLA states,0,1,"National faction originating from Rio de Janeiro's prison system (founded late 1970s). Decentralized governance that preserves local leadership structures, facilitating alliances with regional groups. After the 2016 conflict with PCC, CV allied with FDN to access the Solimões drug route and expanded rapidly through the Amazon prison system. Hegemonic in PA (Belém metro), AC, AM, and MA. Detected in 286 municipalities in 2025, present in all 9 states."
2023,1302702,Amazonas,Manicoré,PCC,Primeiro Comando da Capital,All BLA states,1,0,"National faction originating from São Paulo's prison system (founded 1993). Highly centralized hierarchy with leadership from SP/PR. Present in all 9 Amazonian states across all four editions. Detected in 90 municipalities in 2025, with hegemony in RO, RR, and TO prison systems. The PCC expanded aggressively into the Amazon after the 2016 rupture with CV, seeking control of cocaine transit routes from Peru, Colombia, and Bolivia."
2023,1303007,Amazonas,Nhamundá,CV,Comando Vermelho,All BLA states,0,1,"National faction originating from Rio de Janeiro's prison system (founded late 1970s). Decentralized governance that preserves local leadership structures, facilitating alliances with regional groups. After the 2016 conflict with PCC, CV allied with FDN to access the Solimões drug route and expanded rapidly through the Amazon prison system. Hegemonic in PA (Belém metro), AC, AM, and MA. Detected in 286 municipalities in 2025, present in all 9 states."
2023,1303007,Amazonas,Nhamundá,PCC,Primeiro Comando da Capital,All BLA states,1,0,"National faction originating from São Paulo's prison system (founded 1993). Highly centralized hierarchy with leadership from SP/PR. Present in all 9 Amazonian states across all four editions. Detected in 90 municipalities in 2025, with hegemony in RO, RR, and TO prison systems. The PCC expanded aggressively into the Amazon after the 2016 rupture with CV, seeking control of cocaine transit routes from Peru, Colombia, and Bolivia."
2023,1303569,Amazonas,Rio Preto da Eva,CV,Comando Vermelho,All BLA states,0,1,"National faction originating from Rio de Janeiro's prison system (founded late 1970s). Decentralized governance that preserves local leadership structures, facilitating alliances with regional groups. After the 2016 conflict with PCC, CV allied with FDN to access the Solimões drug route and expanded rapidly through the Amazon prison system. Hegemonic in PA (Belém metro), AC, AM, and MA. Detected in 286 municipalities in 2025, present in all 9 states."
2023,1303569,Amazonas,Rio Preto da Eva,PCC,Primeiro Comando da Capital,All BLA states,1,0,"National faction originating from São Paulo's prison system (founded 1993). Highly centralized hierarchy with leadership from SP/PR. Present in all 9 Amazonian states across all four editions. Detected in 90 municipalities in 2025, with hegemony in RO, RR, and TO prison systems. The PCC expanded aggressively into the Amazon after the 2016 rupture with CV, seeking control of cocaine transit routes from Peru, Colombia, and Bolivia."
2023,1303700,Amazonas,Santo Antônio do Içá,CV,Comando Vermelho,All BLA states,0,1,"National faction originating from Rio de Janeiro's prison system (founded late 1970s). Decentralized governance that preserves local leadership structures, facilitating alliances with regional groups. After the 2016 conflict with PCC, CV allied with FDN to access the Solimões drug route and expanded rapidly through the Amazon prison system. Hegemonic in PA (Belém metro), AC, AM, and MA. Detected in 286 municipalities in 2025, present in all 9 states."
2023,1303700,Amazonas,Santo Antônio do Içá,PCC,Primeiro Comando da Capital,All BLA states,1,0,"National faction originating from São Paulo's prison system (founded 1993). Highly centralized hierarchy with leadership from SP/PR. Present in all 9 Amazonian states across all four editions. Detected in 90 municipalities in 2025, with hegemony in RO, RR, and TO prison systems. The PCC expanded aggressively into the Amazon after the 2016 rupture with CV, seeking control of cocaine transit routes from Peru, Colombia, and Bolivia."
2023,1303809,Amazonas,São Gabriel da Cachoeira,Acácio Medina,Ex-FARC Acácio Medina,AM,0,0,"Colombian FARC dissidence that operates in the AM-Colombia border area, specifically around São Gabriel da Cachoeira. Listed among 17 active factions in 2025. Autonomous transnational actor."
2023,1303809,Amazonas,São Gabriel da Cachoeira,CV,Comando Vermelho,All BLA states,0,1,"National faction originating from Rio de Janeiro's prison system (founded late 1970s). Decentralized governance that preserves local leadership structures, facilitating alliances with regional groups. After the 2016 conflict with PCC, CV allied with FDN to access the Solimões drug route and expanded rapidly through the Amazon prison system. Hegemonic in PA (Belém metro), AC, AM, and MA. Detected in 286 municipalities in 2025, present in all 9 states."
2023,1303809,Amazonas,São Gabriel da Cachoeira,ELN,ELN (Ejército de Liberación Nacional),AM,0,0,Colombian guerrilla organization. Appeared in São Gabriel da Cachoeira and operates autonomously in the Colombia-AM border area.
2023,1303809,Amazonas,São Gabriel da Cachoeira,PCC,Primeiro Comando da Capital,All BLA states,1,0,"National faction originating from São Paulo's prison system (founded 1993). Highly centralized hierarchy with leadership from SP/PR. Present in all 9 Amazonian states across all four editions. Detected in 90 municipalities in 2025, with hegemony in RO, RR, and TO prison systems. The PCC expanded aggressively into the Amazon after the 2016 rupture with CV, seeking control of cocaine transit routes from Peru, Colombia, and Bolivia."
2023,1303908,Amazonas,São Paulo de Olivença,CV,Comando Vermelho,All BLA states,0,1,"National faction originating from Rio de Janeiro's prison system (founded late 1970s). Decentralized governance that preserves local leadership structures, facilitating alliances with regional groups. After the 2016 conflict with PCC, CV allied with FDN to access the Solimões drug route and expanded rapidly through the Amazon prison system. Hegemonic in PA (Belém metro), AC, AM, and MA. Detected in 286 municipalities in 2025, present in all 9 states."
2023,1304062,Amazonas,Tabatinga,CDN,Cartel do Norte,AM,1,0,Emerged from the fragmentation of FDN after the 2018 rupture with CV. Part of the post-FDN ecosystem operating within PCC's orbit. Not listed in 2024 or 2025.
2023,1304062,Amazonas,Tabatinga,CV,Comando Vermelho,All BLA states,0,1,"National faction originating from Rio de Janeiro's prison system (founded late 1970s). Decentralized governance that preserves local leadership structures, facilitating alliances with regional groups. After the 2016 conflict with PCC, CV allied with FDN to access the Solimões drug route and expanded rapidly through the Amazon prison system. Hegemonic in PA (Belém metro), AC, AM, and MA. Detected in 286 municipalities in 2025, present in all 9 states."
2023,1304062,Amazonas,Tabatinga,Os Crias,Os Crias,AM,1,0,Emerged in the Peru/Colombia/Brazil border region of Amazonas. Not listed in 2024 or 2025.
2023,1304062,Amazonas,Tabatinga,PCC,Primeiro Comando da Capital,All BLA states,1,0,"National faction originating from São Paulo's prison system (founded 1993). Highly centralized hierarchy with leadership from SP/PR. Present in all 9 Amazonian states across all four editions. Detected in 90 municipalities in 2025, with hegemony in RO, RR, and TO prison systems. The PCC expanded aggressively into the Amazon after the 2016 rupture with CV, seeking control of cocaine transit routes from Peru, Colombia, and Bolivia."
2023,1304203,Amazonas,Tefé,PCC,Primeiro Comando da Capital,All BLA states,1,0,"National faction originating from São Paulo's prison system (founded 1993). Highly centralized hierarchy with leadership from SP/PR. Present in all 9 Amazonian states across all four editions. Detected in 90 municipalities in 2025, with hegemony in RO, RR, and TO prison systems. The PCC expanded aggressively into the Amazon after the 2016 rupture with CV, seeking control of cocaine transit routes from Peru, Colombia, and Bolivia."
2023,1304203,Amazonas,Tefé,Piratas Solimões,Piratas dos Solimões,AM,0,0,"River-based criminal group operating along the Solimões river corridor, particularly around Coari and Tefé (AM). Originated from the 'Família do Coari' mentioned in 2022. Intercepts drug shipments transported by river. Appears alongside PCC in Coari and Tefé in 2023, but operates opportunistically rather than as a stable ally — their modus operandi (hijacking cargo) is parasitic on whoever controls the route. Present in 3 municipalities."
2023,1304237,Amazonas,Tonantins,CV,Comando Vermelho,All BLA states,0,1,"National faction originating from Rio de Janeiro's prison system (founded late 1970s). Decentralized governance that preserves local leadership structures, facilitating alliances with regional groups. After the 2016 conflict with PCC, CV allied with FDN to access the Solimões drug route and expanded rapidly through the Amazon prison system. Hegemonic in PA (Belém metro), AC, AM, and MA. Detected in 286 municipalities in 2025, present in all 9 states."
2023,1304237,Amazonas,Tonantins,PCC,Primeiro Comando da Capital,All BLA states,1,0,"National faction originating from São Paulo's prison system (founded 1993). Highly centralized hierarchy with leadership from SP/PR. Present in all 9 Amazonian states across all four editions. Detected in 90 municipalities in 2025, with hegemony in RO, RR, and TO prison systems. The PCC expanded aggressively into the Amazon after the 2016 rupture with CV, seeking control of cocaine transit routes from Peru, Colombia, and Bolivia."
2023,1304302,Amazonas,Urucará,CV,Comando Vermelho,All BLA states,0,1,"National faction originating from Rio de Janeiro's prison system (founded late 1970s). Decentralized governance that preserves local leadership structures, facilitating alliances with regional groups. After the 2016 conflict with PCC, CV allied with FDN to access the Solimões drug route and expanded rapidly through the Amazon prison system. Hegemonic in PA (Belém metro), AC, AM, and MA. Detected in 286 municipalities in 2025, present in all 9 states."
2023,1304302,Amazonas,Urucará,PCC,Primeiro Comando da Capital,All BLA states,1,0,"National faction originating from São Paulo's prison system (founded 1993). Highly centralized hierarchy with leadership from SP/PR. Present in all 9 Amazonian states across all four editions. Detected in 90 municipalities in 2025, with hegemony in RO, RR, and TO prison systems. The PCC expanded aggressively into the Amazon after the 2016 rupture with CV, seeking control of cocaine transit routes from Peru, Colombia, and Bolivia."
2023,1400027,Roraima,Amajari,PCC,Primeiro Comando da Capital,All BLA states,1,0,"National faction originating from São Paulo's prison system (founded 1993). Highly centralized hierarchy with leadership from SP/PR. Present in all 9 Amazonian states across all four editions. Detected in 90 municipalities in 2025, with hegemony in RO, RR, and TO prison systems. The PCC expanded aggressively into the Amazon after the 2016 rupture with CV, seeking control of cocaine transit routes from Peru, Colombia, and Bolivia."
2023,1400050,Roraima,Alto Alegre,CV,Comando Vermelho,All BLA states,0,1,"National faction originating from Rio de Janeiro's prison system (founded late 1970s). Decentralized governance that preserves local leadership structures, facilitating alliances with regional groups. After the 2016 conflict with PCC, CV allied with FDN to access the Solimões drug route and expanded rapidly through the Amazon prison system. Hegemonic in PA (Belém metro), AC, AM, and MA. Detected in 286 municipalities in 2025, present in all 9 states."
2023,1400050,Roraima,Alto Alegre,PCC,Primeiro Comando da Capital,All BLA states,1,0,"National faction originating from São Paulo's prison system (founded 1993). Highly centralized hierarchy with leadership from SP/PR. Present in all 9 Amazonian states across all four editions. Detected in 90 municipalities in 2025, with hegemony in RO, RR, and TO prison systems. The PCC expanded aggressively into the Amazon after the 2016 rupture with CV, seeking control of cocaine transit routes from Peru, Colombia, and Bolivia."
2023,1400100,Roraima,Boa Vista,PCC,Primeiro Comando da Capital,All BLA states,1,0,"National faction originating from São Paulo's prison system (founded 1993). Highly centralized hierarchy with leadership from SP/PR. Present in all 9 Amazonian states across all four editions. Detected in 90 municipalities in 2025, with hegemony in RO, RR, and TO prison systems. The PCC expanded aggressively into the Amazon after the 2016 rupture with CV, seeking control of cocaine transit routes from Peru, Colombia, and Bolivia."
2023,1400100,Roraima,Boa Vista,Sindicato,Sindicato (del Crimen),RR,0,0,Umbrella term for Venezuelan criminal groups operating in Roraima's prison system. The term refers to many criminal groups from Venezuela (Sindicatos).
2023,1400100,Roraima,Boa Vista,Trem Araguá,Trem de Araguá,"RR, RO",0,0,"Venezuelan criminal organization with origins in Aragua state (Venezuela). Operates in Roraima border areas. Detected in Boa Vista and Pacaraima (RR). Operates with autonomous Venezuelan criminal logic (arms trafficking, mining). Listed among active factions in 2025."
2023,1400100,Roraima,Boa Vista,Trem Guayana,Trem de Guayana,RR,0,0,Venezuelan criminal group operating in Roraima. Appeared Boa Vista. Distinct from Trem de Araguá — operates along the Guyana/Suriname corridor.
2023,1400159,Roraima,Bonfim,CV,Comando Vermelho,All BLA states,0,1,"National faction originating from Rio de Janeiro's prison system (founded late 1970s). Decentralized governance that preserves local leadership structures, facilitating alliances with regional groups. After the 2016 conflict with PCC, CV allied with FDN to access the Solimões drug route and expanded rapidly through the Amazon prison system. Hegemonic in PA (Belém metro), AC, AM, and MA. Detected in 286 municipalities in 2025, present in all 9 states."
2023,1400159,Roraima,Bonfim,PCC,Primeiro Comando da Capital,All BLA states,1,0,"National faction originating from São Paulo's prison system (founded 1993). Highly centralized hierarchy with leadership from SP/PR. Present in all 9 Amazonian states across all four editions. Detected in 90 municipalities in 2025, with hegemony in RO, RR, and TO prison systems. The PCC expanded aggressively into the Amazon after the 2016 rupture with CV, seeking control of cocaine transit routes from Peru, Colombia, and Bolivia."
2023,1400209,Roraima,Caracaraí,CV,Comando Vermelho,All BLA states,0,1,"National faction originating from Rio de Janeiro's prison system (founded late 1970s). Decentralized governance that preserves local leadership structures, facilitating alliances with regional groups. After the 2016 conflict with PCC, CV allied with FDN to access the Solimões drug route and expanded rapidly through the Amazon prison system. Hegemonic in PA (Belém metro), AC, AM, and MA. Detected in 286 municipalities in 2025, present in all 9 states."
2023,1400209,Roraima,Caracaraí,PCC,Primeiro Comando da Capital,All BLA states,1,0,"National faction originating from São Paulo's prison system (founded 1993). Highly centralized hierarchy with leadership from SP/PR. Present in all 9 Amazonian states across all four editions. Detected in 90 municipalities in 2025, with hegemony in RO, RR, and TO prison systems. The PCC expanded aggressively into the Amazon after the 2016 rupture with CV, seeking control of cocaine transit routes from Peru, Colombia, and Bolivia."
2023,1400308,Roraima,Mucajaí,PCC,Primeiro Comando da Capital,All BLA states,1,0,"National faction originating from São Paulo's prison system (founded 1993). Highly centralized hierarchy with leadership from SP/PR. Present in all 9 Amazonian states across all four editions. Detected in 90 municipalities in 2025, with hegemony in RO, RR, and TO prison systems. The PCC expanded aggressively into the Amazon after the 2016 rupture with CV, seeking control of cocaine transit routes from Peru, Colombia, and Bolivia."
2023,1400407,Roraima,Normandia,PCC,Primeiro Comando da Capital,All BLA states,1,0,"National faction originating from São Paulo's prison system (founded 1993). Highly centralized hierarchy with leadership from SP/PR. Present in all 9 Amazonian states across all four editions. Detected in 90 municipalities in 2025, with hegemony in RO, RR, and TO prison systems. The PCC expanded aggressively into the Amazon after the 2016 rupture with CV, seeking control of cocaine transit routes from Peru, Colombia, and Bolivia."
2023,1400456,Roraima,Pacaraima,CV,Comando Vermelho,All BLA states,0,1,"National faction originating from Rio de Janeiro's prison system (founded late 1970s). Decentralized governance that preserves local leadership structures, facilitating alliances with regional groups. After the 2016 conflict with PCC, CV allied with FDN to access the Solimões drug route and expanded rapidly through the Amazon prison system. Hegemonic in PA (Belém metro), AC, AM, and MA. Detected in 286 municipalities in 2025, present in all 9 states."
2023,1400456,Roraima,Pacaraima,PCC,Primeiro Comando da Capital,All BLA states,1,0,"National faction originating from São Paulo's prison system (founded 1993). Highly centralized hierarchy with leadership from SP/PR. Present in all 9 Amazonian states across all four editions. Detected in 90 municipalities in 2025, with hegemony in RO, RR, and TO prison systems. The PCC expanded aggressively into the Amazon after the 2016 rupture with CV, seeking control of cocaine transit routes from Peru, Colombia, and Bolivia."
2023,1400456,Roraima,Pacaraima,Trem Araguá,Trem de Araguá,"RR, RO",0,0,"Venezuelan criminal organization with origins in Aragua state (Venezuela). Operates in Roraima border areas. Detected in Boa Vista and Pacaraima (RR). Operates with autonomous Venezuelan criminal logic (arms trafficking, mining). Listed among active factions in 2025."
2023,1400472,Roraima,Rorainópolis,PCC,Primeiro Comando da Capital,All BLA states,1,0,"National faction originating from São Paulo's prison system (founded 1993). Highly centralized hierarchy with leadership from SP/PR. Present in all 9 Amazonian states across all four editions. Detected in 90 municipalities in 2025, with hegemony in RO, RR, and TO prison systems. The PCC expanded aggressively into the Amazon after the 2016 rupture with CV, seeking control of cocaine transit routes from Peru, Colombia, and Bolivia."
2023,1400704,Roraima,Uiramutã,PCC,Primeiro Comando da Capital,All BLA states,1,0,"National faction originating from São Paulo's prison system (founded 1993). Highly centralized hierarchy with leadership from SP/PR. Present in all 9 Amazonian states across all four editions. Detected in 90 municipalities in 2025, with hegemony in RO, RR, and TO prison systems. The PCC expanded aggressively into the Amazon after the 2016 rupture with CV, seeking control of cocaine transit routes from Peru, Colombia, and Bolivia."
2023,1500107,Pará,Abaetetuba,CV,Comando Vermelho,All BLA states,0,1,"National faction originating from Rio de Janeiro's prison system (founded late 1970s). Decentralized governance that preserves local leadership structures, facilitating alliances with regional groups. After the 2016 conflict with PCC, CV allied with FDN to access the Solimões drug route and expanded rapidly through the Amazon prison system. Hegemonic in PA (Belém metro), AC, AM, and MA. Detected in 286 municipalities in 2025, present in all 9 states."
2023,1500206,Pará,Acará,CV,Comando Vermelho,All BLA states,0,1,"National faction originating from Rio de Janeiro's prison system (founded late 1970s). Decentralized governance that preserves local leadership structures, facilitating alliances with regional groups. After the 2016 conflict with PCC, CV allied with FDN to access the Solimões drug route and expanded rapidly through the Amazon prison system. Hegemonic in PA (Belém metro), AC, AM, and MA. Detected in 286 municipalities in 2025, present in all 9 states."
2023,1500305,Pará,Afuá,FTA,Família Terror do Amapá,"AP, PA",1,0,"Local faction from Amapá, one of two main AP groups alongside UCA. When PCC and CV arrived in AP in 2022, PCC allied with FTA (2023). FTA also operates in PA municipalities near the AP border (Afuá, Chaves, Senador José Porfírio) due to geographic proximity. Present in 8 municipalities in 2025, controlling 2 border municipalities."
2023,1500347,Pará,Água Azul do Norte,PCC,Primeiro Comando da Capital,All BLA states,1,0,"National faction originating from São Paulo's prison system (founded 1993). Highly centralized hierarchy with leadership from SP/PR. Present in all 9 Amazonian states across all four editions. Detected in 90 municipalities in 2025, with hegemony in RO, RR, and TO prison systems. The PCC expanded aggressively into the Amazon after the 2016 rupture with CV, seeking control of cocaine transit routes from Peru, Colombia, and Bolivia."
2023,1500404,Pará,Alenquer,CV,Comando Vermelho,All BLA states,0,1,"National faction originating from Rio de Janeiro's prison system (founded late 1970s). Decentralized governance that preserves local leadership structures, facilitating alliances with regional groups. After the 2016 conflict with PCC, CV allied with FDN to access the Solimões drug route and expanded rapidly through the Amazon prison system. Hegemonic in PA (Belém metro), AC, AM, and MA. Detected in 286 municipalities in 2025, present in all 9 states."
2023,1500503,Pará,Almeirim,CV,Comando Vermelho,All BLA states,0,1,"National faction originating from Rio de Janeiro's prison system (founded late 1970s). Decentralized governance that preserves local leadership structures, facilitating alliances with regional groups. After the 2016 conflict with PCC, CV allied with FDN to access the Solimões drug route and expanded rapidly through the Amazon prison system. Hegemonic in PA (Belém metro), AC, AM, and MA. Detected in 286 municipalities in 2025, present in all 9 states."
2023,1500602,Pará,Altamira,CCA,Comando Classe A,PA,1,0,"Originated in 2018 in the prison system of Altamira (PA), among inmates who refused initiation ('batismo') by CV. Explicitly described as a 'political arm of the PCC'. The CCA's founding triggered a war with CV in 2019, culminating in the massacre of 54 inmates. Present in 4 municipalities in 2025."
2023,1500602,Pará,Altamira,CV,Comando Vermelho,All BLA states,0,1,"National faction originating from Rio de Janeiro's prison system (founded late 1970s). Decentralized governance that preserves local leadership structures, facilitating alliances with regional groups. After the 2016 conflict with PCC, CV allied with FDN to access the Solimões drug route and expanded rapidly through the Amazon prison system. Hegemonic in PA (Belém metro), AC, AM, and MA. Detected in 286 municipalities in 2025, present in all 9 states."
2023,1500602,Pará,Altamira,PCC,Primeiro Comando da Capital,All BLA states,1,0,"National faction originating from São Paulo's prison system (founded 1993). Highly centralized hierarchy with leadership from SP/PR. Present in all 9 Amazonian states across all four editions. Detected in 90 municipalities in 2025, with hegemony in RO, RR, and TO prison systems. The PCC expanded aggressively into the Amazon after the 2016 rupture with CV, seeking control of cocaine transit routes from Peru, Colombia, and Bolivia."
2023,1500800,Pará,Ananindeua,CV,Comando Vermelho,All BLA states,0,1,"National faction originating from Rio de Janeiro's prison system (founded late 1970s). Decentralized governance that preserves local leadership structures, facilitating alliances with regional groups. After the 2016 conflict with PCC, CV allied with FDN to access the Solimões drug route and expanded rapidly through the Amazon prison system. Hegemonic in PA (Belém metro), AC, AM, and MA. Detected in 286 municipalities in 2025, present in all 9 states."
2023,1501303,Pará,Barcarena,CV,Comando Vermelho,All BLA states,0,1,"National faction originating from Rio de Janeiro's prison system (founded late 1970s). Decentralized governance that preserves local leadership structures, facilitating alliances with regional groups. After the 2016 conflict with PCC, CV allied with FDN to access the Solimões drug route and expanded rapidly through the Amazon prison system. Hegemonic in PA (Belém metro), AC, AM, and MA. Detected in 286 municipalities in 2025, present in all 9 states."
2023,1501402,Pará,Belém,CV,Comando Vermelho,All BLA states,0,1,"National faction originating from Rio de Janeiro's prison system (founded late 1970s). Decentralized governance that preserves local leadership structures, facilitating alliances with regional groups. After the 2016 conflict with PCC, CV allied with FDN to access the Solimões drug route and expanded rapidly through the Amazon prison system. Hegemonic in PA (Belém metro), AC, AM, and MA. Detected in 286 municipalities in 2025, present in all 9 states."
2023,1501501,Pará,Benevides,CV,Comando Vermelho,All BLA states,0,1,"National faction originating from Rio de Janeiro's prison system (founded late 1970s). Decentralized governance that preserves local leadership structures, facilitating alliances with regional groups. After the 2016 conflict with PCC, CV allied with FDN to access the Solimões drug route and expanded rapidly through the Amazon prison system. Hegemonic in PA (Belém metro), AC, AM, and MA. Detected in 286 municipalities in 2025, present in all 9 states."
2023,1501709,Pará,Bragança,CV,Comando Vermelho,All BLA states,0,1,"National faction originating from Rio de Janeiro's prison system (founded late 1970s). Decentralized governance that preserves local leadership structures, facilitating alliances with regional groups. After the 2016 conflict with PCC, CV allied with FDN to access the Solimões drug route and expanded rapidly through the Amazon prison system. Hegemonic in PA (Belém metro), AC, AM, and MA. Detected in 286 municipalities in 2025, present in all 9 states."
2023,1501782,Pará,Breu Branco,CV,Comando Vermelho,All BLA states,0,1,"National faction originating from Rio de Janeiro's prison system (founded late 1970s). Decentralized governance that preserves local leadership structures, facilitating alliances with regional groups. After the 2016 conflict with PCC, CV allied with FDN to access the Solimões drug route and expanded rapidly through the Amazon prison system. Hegemonic in PA (Belém metro), AC, AM, and MA. Detected in 286 municipalities in 2025, present in all 9 states."
2023,1501808,Pará,Breves,CV,Comando Vermelho,All BLA states,0,1,"National faction originating from Rio de Janeiro's prison system (founded late 1970s). Decentralized governance that preserves local leadership structures, facilitating alliances with regional groups. After the 2016 conflict with PCC, CV allied with FDN to access the Solimões drug route and expanded rapidly through the Amazon prison system. Hegemonic in PA (Belém metro), AC, AM, and MA. Detected in 286 municipalities in 2025, present in all 9 states."
2023,1502004,Pará,Cachoeira do Arari,CV,Comando Vermelho,All BLA states,0,1,"National faction originating from Rio de Janeiro's prison system (founded late 1970s). Decentralized governance that preserves local leadership structures, facilitating alliances with regional groups. After the 2016 conflict with PCC, CV allied with FDN to access the Solimões drug route and expanded rapidly through the Amazon prison system. Hegemonic in PA (Belém metro), AC, AM, and MA. Detected in 286 municipalities in 2025, present in all 9 states."
2023,1502103,Pará,Cametá,CV,Comando Vermelho,All BLA states,0,1,"National faction originating from Rio de Janeiro's prison system (founded late 1970s). Decentralized governance that preserves local leadership structures, facilitating alliances with regional groups. After the 2016 conflict with PCC, CV allied with FDN to access the Solimões drug route and expanded rapidly through the Amazon prison system. Hegemonic in PA (Belém metro), AC, AM, and MA. Detected in 286 municipalities in 2025, present in all 9 states."
2023,1502202,Pará,Capanema,CV,Comando Vermelho,All BLA states,0,1,"National faction originating from Rio de Janeiro's prison system (founded late 1970s). Decentralized governance that preserves local leadership structures, facilitating alliances with regional groups. After the 2016 conflict with PCC, CV allied with FDN to access the Solimões drug route and expanded rapidly through the Amazon prison system. Hegemonic in PA (Belém metro), AC, AM, and MA. Detected in 286 municipalities in 2025, present in all 9 states."
2023,1502400,Pará,Castanhal,CV,Comando Vermelho,All BLA states,0,1,"National faction originating from Rio de Janeiro's prison system (founded late 1970s). Decentralized governance that preserves local leadership structures, facilitating alliances with regional groups. After the 2016 conflict with PCC, CV allied with FDN to access the Solimões drug route and expanded rapidly through the Amazon prison system. Hegemonic in PA (Belém metro), AC, AM, and MA. Detected in 286 municipalities in 2025, present in all 9 states."
2023,1502608,Pará,Colares,CV,Comando Vermelho,All BLA states,0,1,"National faction originating from Rio de Janeiro's prison system (founded late 1970s). Decentralized governance that preserves local leadership structures, facilitating alliances with regional groups. After the 2016 conflict with PCC, CV allied with FDN to access the Solimões drug route and expanded rapidly through the Amazon prison system. Hegemonic in PA (Belém metro), AC, AM, and MA. Detected in 286 municipalities in 2025, present in all 9 states."
2023,1502764,Pará,Cumaru do Norte,PCC,Primeiro Comando da Capital,All BLA states,1,0,"National faction originating from São Paulo's prison system (founded 1993). Highly centralized hierarchy with leadership from SP/PR. Present in all 9 Amazonian states across all four editions. Detected in 90 municipalities in 2025, with hegemony in RO, RR, and TO prison systems. The PCC expanded aggressively into the Amazon after the 2016 rupture with CV, seeking control of cocaine transit routes from Peru, Colombia, and Bolivia."
2023,1502806,Pará,Curralinho,CV,Comando Vermelho,All BLA states,0,1,"National faction originating from Rio de Janeiro's prison system (founded late 1970s). Decentralized governance that preserves local leadership structures, facilitating alliances with regional groups. After the 2016 conflict with PCC, CV allied with FDN to access the Solimões drug route and expanded rapidly through the Amazon prison system. Hegemonic in PA (Belém metro), AC, AM, and MA. Detected in 286 municipalities in 2025, present in all 9 states."
2023,1502939,Pará,Dom Eliseu,CV,Comando Vermelho,All BLA states,0,1,"National faction originating from Rio de Janeiro's prison system (founded late 1970s). Decentralized governance that preserves local leadership structures, facilitating alliances with regional groups. After the 2016 conflict with PCC, CV allied with FDN to access the Solimões drug route and expanded rapidly through the Amazon prison system. Hegemonic in PA (Belém metro), AC, AM, and MA. Detected in 286 municipalities in 2025, present in all 9 states."
2023,1503309,Pará,Igarapé-Miri,Bonde 157,Bonde do 157,PA,0,0,Appeared in the 2023 edition in Igarapé-Miri (PA). Not mentioned in 2024 or 2025.
2023,1503309,Pará,Igarapé-Miri,CV,Comando Vermelho,All BLA states,0,1,"National faction originating from Rio de Janeiro's prison system (founded late 1970s). Decentralized governance that preserves local leadership structures, facilitating alliances with regional groups. After the 2016 conflict with PCC, CV allied with FDN to access the Solimões drug route and expanded rapidly through the Amazon prison system. Hegemonic in PA (Belém metro), AC, AM, and MA. Detected in 286 municipalities in 2025, present in all 9 states."
2023,1503606,Pará,Itaituba,CCA,Comando Classe A,PA,1,0,"Originated in 2018 in the prison system of Altamira (PA), among inmates who refused initiation ('batismo') by CV. Explicitly described as a 'political arm of the PCC'. The CCA's founding triggered a war with CV in 2019, culminating in the massacre of 54 inmates. Present in 4 municipalities in 2025."
2023,1503606,Pará,Itaituba,CV,Comando Vermelho,All BLA states,0,1,"National faction originating from Rio de Janeiro's prison system (founded late 1970s). Decentralized governance that preserves local leadership structures, facilitating alliances with regional groups. After the 2016 conflict with PCC, CV allied with FDN to access the Solimões drug route and expanded rapidly through the Amazon prison system. Hegemonic in PA (Belém metro), AC, AM, and MA. Detected in 286 municipalities in 2025, present in all 9 states."
2023,1503606,Pará,Itaituba,PCC,Primeiro Comando da Capital,All BLA states,1,0,"National faction originating from São Paulo's prison system (founded 1993). Highly centralized hierarchy with leadership from SP/PR. Present in all 9 Amazonian states across all four editions. Detected in 90 municipalities in 2025, with hegemony in RO, RR, and TO prison systems. The PCC expanded aggressively into the Amazon after the 2016 rupture with CV, seeking control of cocaine transit routes from Peru, Colombia, and Bolivia."
2023,1503754,Pará,Jacareacanga,CV,Comando Vermelho,All BLA states,0,1,"National faction originating from Rio de Janeiro's prison system (founded late 1970s). Decentralized governance that preserves local leadership structures, facilitating alliances with regional groups. After the 2016 conflict with PCC, CV allied with FDN to access the Solimões drug route and expanded rapidly through the Amazon prison system. Hegemonic in PA (Belém metro), AC, AM, and MA. Detected in 286 municipalities in 2025, present in all 9 states."
2023,1503903,Pará,Juruti,CV,Comando Vermelho,All BLA states,0,1,"National faction originating from Rio de Janeiro's prison system (founded late 1970s). Decentralized governance that preserves local leadership structures, facilitating alliances with regional groups. After the 2016 conflict with PCC, CV allied with FDN to access the Solimões drug route and expanded rapidly through the Amazon prison system. Hegemonic in PA (Belém metro), AC, AM, and MA. Detected in 286 municipalities in 2025, present in all 9 states."
2023,1504208,Pará,Marabá,CCA,Comando Classe A,PA,1,0,"Originated in 2018 in the prison system of Altamira (PA), among inmates who refused initiation ('batismo') by CV. Explicitly described as a 'political arm of the PCC'. The CCA's founding triggered a war with CV in 2019, culminating in the massacre of 54 inmates. Present in 4 municipalities in 2025."
2023,1504208,Pará,Marabá,CV,Comando Vermelho,All BLA states,0,1,"National faction originating from Rio de Janeiro's prison system (founded late 1970s). Decentralized governance that preserves local leadership structures, facilitating alliances with regional groups. After the 2016 conflict with PCC, CV allied with FDN to access the Solimões drug route and expanded rapidly through the Amazon prison system. Hegemonic in PA (Belém metro), AC, AM, and MA. Detected in 286 municipalities in 2025, present in all 9 states."
2023,1504208,Pará,Marabá,PCC,Primeiro Comando da Capital,All BLA states,1,0,"National faction originating from São Paulo's prison system (founded 1993). Highly centralized hierarchy with leadership from SP/PR. Present in all 9 Amazonian states across all four editions. Detected in 90 municipalities in 2025, with hegemony in RO, RR, and TO prison systems. The PCC expanded aggressively into the Amazon after the 2016 rupture with CV, seeking control of cocaine transit routes from Peru, Colombia, and Bolivia."
2023,1504307,Pará,Maracanã,CV,Comando Vermelho,All BLA states,0,1,"National faction originating from Rio de Janeiro's prison system (founded late 1970s). Decentralized governance that preserves local leadership structures, facilitating alliances with regional groups. After the 2016 conflict with PCC, CV allied with FDN to access the Solimões drug route and expanded rapidly through the Amazon prison system. Hegemonic in PA (Belém metro), AC, AM, and MA. Detected in 286 municipalities in 2025, present in all 9 states."
2023,1504406,Pará,Marapanim,CV,Comando Vermelho,All BLA states,0,1,"National faction originating from Rio de Janeiro's prison system (founded late 1970s). Decentralized governance that preserves local leadership structures, facilitating alliances with regional groups. After the 2016 conflict with PCC, CV allied with FDN to access the Solimões drug route and expanded rapidly through the Amazon prison system. Hegemonic in PA (Belém metro), AC, AM, and MA. Detected in 286 municipalities in 2025, present in all 9 states."
2023,1504422,Pará,Marituba,CV,Comando Vermelho,All BLA states,0,1,"National faction originating from Rio de Janeiro's prison system (founded late 1970s). Decentralized governance that preserves local leadership structures, facilitating alliances with regional groups. After the 2016 conflict with PCC, CV allied with FDN to access the Solimões drug route and expanded rapidly through the Amazon prison system. Hegemonic in PA (Belém metro), AC, AM, and MA. Detected in 286 municipalities in 2025, present in all 9 states."
2023,1504604,Pará,Mocajuba,CV,Comando Vermelho,All BLA states,0,1,"National faction originating from Rio de Janeiro's prison system (founded late 1970s). Decentralized governance that preserves local leadership structures, facilitating alliances with regional groups. After the 2016 conflict with PCC, CV allied with FDN to access the Solimões drug route and expanded rapidly through the Amazon prison system. Hegemonic in PA (Belém metro), AC, AM, and MA. Detected in 286 municipalities in 2025, present in all 9 states."
2023,1504703,Pará,Moju,CV,Comando Vermelho,All BLA states,0,1,"National faction originating from Rio de Janeiro's prison system (founded late 1970s). Decentralized governance that preserves local leadership structures, facilitating alliances with regional groups. After the 2016 conflict with PCC, CV allied with FDN to access the Solimões drug route and expanded rapidly through the Amazon prison system. Hegemonic in PA (Belém metro), AC, AM, and MA. Detected in 286 municipalities in 2025, present in all 9 states."
2023,1505106,Pará,Óbidos,CV,Comando Vermelho,All BLA states,0,1,"National faction originating from Rio de Janeiro's prison system (founded late 1970s). Decentralized governance that preserves local leadership structures, facilitating alliances with regional groups. After the 2016 conflict with PCC, CV allied with FDN to access the Solimões drug route and expanded rapidly through the Amazon prison system. Hegemonic in PA (Belém metro), AC, AM, and MA. Detected in 286 municipalities in 2025, present in all 9 states."
2023,1505106,Pará,Óbidos,PCC,Primeiro Comando da Capital,All BLA states,1,0,"National faction originating from São Paulo's prison system (founded 1993). Highly centralized hierarchy with leadership from SP/PR. Present in all 9 Amazonian states across all four editions. Detected in 90 municipalities in 2025, with hegemony in RO, RR, and TO prison systems. The PCC expanded aggressively into the Amazon after the 2016 rupture with CV, seeking control of cocaine transit routes from Peru, Colombia, and Bolivia."
2023,1505304,Pará,Oriximiná,CV,Comando Vermelho,All BLA states,0,1,"National faction originating from Rio de Janeiro's prison system (founded late 1970s). Decentralized governance that preserves local leadership structures, facilitating alliances with regional groups. After the 2016 conflict with PCC, CV allied with FDN to access the Solimões drug route and expanded rapidly through the Amazon prison system. Hegemonic in PA (Belém metro), AC, AM, and MA. Detected in 286 municipalities in 2025, present in all 9 states."
2023,1505304,Pará,Oriximiná,PCC,Primeiro Comando da Capital,All BLA states,1,0,"National faction originating from São Paulo's prison system (founded 1993). Highly centralized hierarchy with leadership from SP/PR. Present in all 9 Amazonian states across all four editions. Detected in 90 municipalities in 2025, with hegemony in RO, RR, and TO prison systems. The PCC expanded aggressively into the Amazon after the 2016 rupture with CV, seeking control of cocaine transit routes from Peru, Colombia, and Bolivia."
2023,1505437,Pará,Ourilândia do Norte,PCC,Primeiro Comando da Capital,All BLA states,1,0,"National faction originating from São Paulo's prison system (founded 1993). Highly centralized hierarchy with leadership from SP/PR. Present in all 9 Amazonian states across all four editions. Detected in 90 municipalities in 2025, with hegemony in RO, RR, and TO prison systems. The PCC expanded aggressively into the Amazon after the 2016 rupture with CV, seeking control of cocaine transit routes from Peru, Colombia, and Bolivia."
2023,1505486,Pará,Pacajá,CV,Comando Vermelho,All BLA states,0,1,"National faction originating from Rio de Janeiro's prison system (founded late 1970s). Decentralized governance that preserves local leadership structures, facilitating alliances with regional groups. After the 2016 conflict with PCC, CV allied with FDN to access the Solimões drug route and expanded rapidly through the Amazon prison system. Hegemonic in PA (Belém metro), AC, AM, and MA. Detected in 286 municipalities in 2025, present in all 9 states."
2023,1505502,Pará,Paragominas,CV,Comando Vermelho,All BLA states,0,1,"National faction originating from Rio de Janeiro's prison system (founded late 1970s). Decentralized governance that preserves local leadership structures, facilitating alliances with regional groups. After the 2016 conflict with PCC, CV allied with FDN to access the Solimões drug route and expanded rapidly through the Amazon prison system. Hegemonic in PA (Belém metro), AC, AM, and MA. Detected in 286 municipalities in 2025, present in all 9 states."
2023,1505536,Pará,Parauapebas,CCA,Comando Classe A,PA,1,0,"Originated in 2018 in the prison system of Altamira (PA), among inmates who refused initiation ('batismo') by CV. Explicitly described as a 'political arm of the PCC'. The CCA's founding triggered a war with CV in 2019, culminating in the massacre of 54 inmates. Present in 4 municipalities in 2025."
2023,1505536,Pará,Parauapebas,CV,Comando Vermelho,All BLA states,0,1,"National faction originating from Rio de Janeiro's prison system (founded late 1970s). Decentralized governance that preserves local leadership structures, facilitating alliances with regional groups. After the 2016 conflict with PCC, CV allied with FDN to access the Solimões drug route and expanded rapidly through the Amazon prison system. Hegemonic in PA (Belém metro), AC, AM, and MA. Detected in 286 municipalities in 2025, present in all 9 states."
2023,1505536,Pará,Parauapebas,PCC,Primeiro Comando da Capital,All BLA states,1,0,"National faction originating from São Paulo's prison system (founded 1993). Highly centralized hierarchy with leadership from SP/PR. Present in all 9 Amazonian states across all four editions. Detected in 90 municipalities in 2025, with hegemony in RO, RR, and TO prison systems. The PCC expanded aggressively into the Amazon after the 2016 rupture with CV, seeking control of cocaine transit routes from Peru, Colombia, and Bolivia."
2023,1505908,Pará,Porto de Moz,CCA,Comando Classe A,PA,1,0,"Originated in 2018 in the prison system of Altamira (PA), among inmates who refused initiation ('batismo') by CV. Explicitly described as a 'political arm of the PCC'. The CCA's founding triggered a war with CV in 2019, culminating in the massacre of 54 inmates. Present in 4 municipalities in 2025."
2023,1505908,Pará,Porto de Moz,CV,Comando Vermelho,All BLA states,0,1,"National faction originating from Rio de Janeiro's prison system (founded late 1970s). Decentralized governance that preserves local leadership structures, facilitating alliances with regional groups. After the 2016 conflict with PCC, CV allied with FDN to access the Solimões drug route and expanded rapidly through the Amazon prison system. Hegemonic in PA (Belém metro), AC, AM, and MA. Detected in 286 municipalities in 2025, present in all 9 states."
2023,1506161,Pará,Rio Maria,CV,Comando Vermelho,All BLA states,0,1,"National faction originating from Rio de Janeiro's prison system (founded late 1970s). Decentralized governance that preserves local leadership structures, facilitating alliances with regional groups. After the 2016 conflict with PCC, CV allied with FDN to access the Solimões drug route and expanded rapidly through the Amazon prison system. Hegemonic in PA (Belém metro), AC, AM, and MA. Detected in 286 municipalities in 2025, present in all 9 states."
2023,1506161,Pará,Rio Maria,PCC,Primeiro Comando da Capital,All BLA states,1,0,"National faction originating from São Paulo's prison system (founded 1993). Highly centralized hierarchy with leadership from SP/PR. Present in all 9 Amazonian states across all four editions. Detected in 90 municipalities in 2025, with hegemony in RO, RR, and TO prison systems. The PCC expanded aggressively into the Amazon after the 2016 rupture with CV, seeking control of cocaine transit routes from Peru, Colombia, and Bolivia."
2023,1506203,Pará,Salinópolis,CV,Comando Vermelho,All BLA states,0,1,"National faction originating from Rio de Janeiro's prison system (founded late 1970s). Decentralized governance that preserves local leadership structures, facilitating alliances with regional groups. After the 2016 conflict with PCC, CV allied with FDN to access the Solimões drug route and expanded rapidly through the Amazon prison system. Hegemonic in PA (Belém metro), AC, AM, and MA. Detected in 286 municipalities in 2025, present in all 9 states."
2023,1506302,Pará,Salvaterra,CV,Comando Vermelho,All BLA states,0,1,"National faction originating from Rio de Janeiro's prison system (founded late 1970s). Decentralized governance that preserves local leadership structures, facilitating alliances with regional groups. After the 2016 conflict with PCC, CV allied with FDN to access the Solimões drug route and expanded rapidly through the Amazon prison system. Hegemonic in PA (Belém metro), AC, AM, and MA. Detected in 286 municipalities in 2025, present in all 9 states."
2023,1506500,Pará,Santa Isabel do Pará,CV,Comando Vermelho,All BLA states,0,1,"National faction originating from Rio de Janeiro's prison system (founded late 1970s). Decentralized governance that preserves local leadership structures, facilitating alliances with regional groups. After the 2016 conflict with PCC, CV allied with FDN to access the Solimões drug route and expanded rapidly through the Amazon prison system. Hegemonic in PA (Belém metro), AC, AM, and MA. Detected in 286 municipalities in 2025, present in all 9 states."
2023,1506807,Pará,Santarém,CCA,Comando Classe A,PA,1,0,"Originated in 2018 in the prison system of Altamira (PA), among inmates who refused initiation ('batismo') by CV. Explicitly described as a 'political arm of the PCC'. The CCA's founding triggered a war with CV in 2019, culminating in the massacre of 54 inmates. Present in 4 municipalities in 2025."
2023,1506807,Pará,Santarém,CV,Comando Vermelho,All BLA states,0,1,"National faction originating from Rio de Janeiro's prison system (founded late 1970s). Decentralized governance that preserves local leadership structures, facilitating alliances with regional groups. After the 2016 conflict with PCC, CV allied with FDN to access the Solimões drug route and expanded rapidly through the Amazon prison system. Hegemonic in PA (Belém metro), AC, AM, and MA. Detected in 286 municipalities in 2025, present in all 9 states."
2023,1507300,Pará,São Félix do Xingu,CV,Comando Vermelho,All BLA states,0,1,"National faction originating from Rio de Janeiro's prison system (founded late 1970s). Decentralized governance that preserves local leadership structures, facilitating alliances with regional groups. After the 2016 conflict with PCC, CV allied with FDN to access the Solimões drug route and expanded rapidly through the Amazon prison system. Hegemonic in PA (Belém metro), AC, AM, and MA. Detected in 286 municipalities in 2025, present in all 9 states."
2023,1507607,Pará,São Miguel do Guamá,CV,Comando Vermelho,All BLA states,0,1,"National faction originating from Rio de Janeiro's prison system (founded late 1970s). Decentralized governance that preserves local leadership structures, facilitating alliances with regional groups. After the 2016 conflict with PCC, CV allied with FDN to access the Solimões drug route and expanded rapidly through the Amazon prison system. Hegemonic in PA (Belém metro), AC, AM, and MA. Detected in 286 municipalities in 2025, present in all 9 states."
2023,1507904,Pará,Soure,CV,Comando Vermelho,All BLA states,0,1,"National faction originating from Rio de Janeiro's prison system (founded late 1970s). Decentralized governance that preserves local leadership structures, facilitating alliances with regional groups. After the 2016 conflict with PCC, CV allied with FDN to access the Solimões drug route and expanded rapidly through the Amazon prison system. Hegemonic in PA (Belém metro), AC, AM, and MA. Detected in 286 municipalities in 2025, present in all 9 states."
2023,1507953,Pará,Tailândia,CV,Comando Vermelho,All BLA states,0,1,"National faction originating from Rio de Janeiro's prison system (founded late 1970s). Decentralized governance that preserves local leadership structures, facilitating alliances with regional groups. After the 2016 conflict with PCC, CV allied with FDN to access the Solimões drug route and expanded rapidly through the Amazon prison system. Hegemonic in PA (Belém metro), AC, AM, and MA. Detected in 286 municipalities in 2025, present in all 9 states."
2023,1508084,Pará,Tucumã,PCC,Primeiro Comando da Capital,All BLA states,1,0,"National faction originating from São Paulo's prison system (founded 1993). Highly centralized hierarchy with leadership from SP/PR. Present in all 9 Amazonian states across all four editions. Detected in 90 municipalities in 2025, with hegemony in RO, RR, and TO prison systems. The PCC expanded aggressively into the Amazon after the 2016 rupture with CV, seeking control of cocaine transit routes from Peru, Colombia, and Bolivia."
2023,1508100,Pará,Tucuruí,CV,Comando Vermelho,All BLA states,0,1,"National faction originating from Rio de Janeiro's prison system (founded late 1970s). Decentralized governance that preserves local leadership structures, facilitating alliances with regional groups. After the 2016 conflict with PCC, CV allied with FDN to access the Solimões drug route and expanded rapidly through the Amazon prison system. Hegemonic in PA (Belém metro), AC, AM, and MA. Detected in 286 municipalities in 2025, present in all 9 states."
2023,1508126,Pará,Ulianópolis,CV,Comando Vermelho,All BLA states,0,1,"National faction originating from Rio de Janeiro's prison system (founded late 1970s). Decentralized governance that preserves local leadership structures, facilitating alliances with regional groups. After the 2016 conflict with PCC, CV allied with FDN to access the Solimões drug route and expanded rapidly through the Amazon prison system. Hegemonic in PA (Belém metro), AC, AM, and MA. Detected in 286 municipalities in 2025, present in all 9 states."
2023,1508209,Pará,Vigia,CV,Comando Vermelho,All BLA states,0,1,"National faction originating from Rio de Janeiro's prison system (founded late 1970s). Decentralized governance that preserves local leadership structures, facilitating alliances with regional groups. After the 2016 conflict with PCC, CV allied with FDN to access the Solimões drug route and expanded rapidly through the Amazon prison system. Hegemonic in PA (Belém metro), AC, AM, and MA. Detected in 286 municipalities in 2025, present in all 9 states."
2023,1600055,Amapá,Serra do Navio,UCA,União Criminosa Amapaense,AP,0,1,"Local faction from Amapá, one of two main AP groups alongside FTA. When national factions arrived in AP, UCA aligned with CV (2023). Listed among active factions in 2025, present in 3 municipalities."
2023,1600105,Amapá,Amapá,CV,Comando Vermelho,All BLA states,0,1,"National faction originating from Rio de Janeiro's prison system (founded late 1970s). Decentralized governance that preserves local leadership structures, facilitating alliances with regional groups. After the 2016 conflict with PCC, CV allied with FDN to access the Solimões drug route and expanded rapidly through the Amazon prison system. Hegemonic in PA (Belém metro), AC, AM, and MA. Detected in 286 municipalities in 2025, present in all 9 states."
2023,1600105,Amapá,Amapá,FTA,Família Terror do Amapá,"AP, PA",1,0,"Local faction from Amapá, one of two main AP groups alongside UCA. When PCC and CV arrived in AP in 2022, PCC allied with FTA (2023). FTA also operates in PA municipalities near the AP border (Afuá, Chaves, Senador José Porfírio) due to geographic proximity. Present in 8 municipalities in 2025, controlling 2 border municipalities."
2023,1600154,Amapá,Pedra Branca do Amapari,CV,Comando Vermelho,All BLA states,0,1,"National faction originating from Rio de Janeiro's prison system (founded late 1970s). Decentralized governance that preserves local leadership structures, facilitating alliances with regional groups. After the 2016 conflict with PCC, CV allied with FDN to access the Solimões drug route and expanded rapidly through the Amazon prison system. Hegemonic in PA (Belém metro), AC, AM, and MA. Detected in 286 municipalities in 2025, present in all 9 states."
2023,1600154,Amapá,Pedra Branca do Amapari,PCC,Primeiro Comando da Capital,All BLA states,1,0,"National faction originating from São Paulo's prison system (founded 1993). Highly centralized hierarchy with leadership from SP/PR. Present in all 9 Amazonian states across all four editions. Detected in 90 municipalities in 2025, with hegemony in RO, RR, and TO prison systems. The PCC expanded aggressively into the Amazon after the 2016 rupture with CV, seeking control of cocaine transit routes from Peru, Colombia, and Bolivia."
2023,1600204,Amapá,Calçoene,FTA,Família Terror do Amapá,"AP, PA",1,0,"Local faction from Amapá, one of two main AP groups alongside UCA. When PCC and CV arrived in AP in 2022, PCC allied with FTA (2023). FTA also operates in PA municipalities near the AP border (Afuá, Chaves, Senador José Porfírio) due to geographic proximity. Present in 8 municipalities in 2025, controlling 2 border municipalities."
2023,1600204,Amapá,Calçoene,PCC,Primeiro Comando da Capital,All BLA states,1,0,"National faction originating from São Paulo's prison system (founded 1993). Highly centralized hierarchy with leadership from SP/PR. Present in all 9 Amazonian states across all four editions. Detected in 90 municipalities in 2025, with hegemony in RO, RR, and TO prison systems. The PCC expanded aggressively into the Amazon after the 2016 rupture with CV, seeking control of cocaine transit routes from Peru, Colombia, and Bolivia."
2023,1600238,Amapá,Ferreira Gomes,CV,Comando Vermelho,All BLA states,0,1,"National faction originating from Rio de Janeiro's prison system (founded late 1970s). Decentralized governance that preserves local leadership structures, facilitating alliances with regional groups. After the 2016 conflict with PCC, CV allied with FDN to access the Solimões drug route and expanded rapidly through the Amazon prison system. Hegemonic in PA (Belém metro), AC, AM, and MA. Detected in 286 municipalities in 2025, present in all 9 states."
2023,1600279,Amapá,Laranjal do Jari,PCC,Primeiro Comando da Capital,All BLA states,1,0,"National faction originating from São Paulo's prison system (founded 1993). Highly centralized hierarchy with leadership from SP/PR. Present in all 9 Amazonian states across all four editions. Detected in 90 municipalities in 2025, with hegemony in RO, RR, and TO prison systems. The PCC expanded aggressively into the Amazon after the 2016 rupture with CV, seeking control of cocaine transit routes from Peru, Colombia, and Bolivia."
2023,1600279,Amapá,Laranjal do Jari,UCA,União Criminosa Amapaense,AP,0,1,"Local faction from Amapá, one of two main AP groups alongside FTA. When national factions arrived in AP, UCA aligned with CV (2023). Listed among active factions in 2025, present in 3 municipalities."
2023,1600303,Amapá,Macapá,CV,Comando Vermelho,All BLA states,0,1,"National faction originating from Rio de Janeiro's prison system (founded late 1970s). Decentralized governance that preserves local leadership structures, facilitating alliances with regional groups. After the 2016 conflict with PCC, CV allied with FDN to access the Solimões drug route and expanded rapidly through the Amazon prison system. Hegemonic in PA (Belém metro), AC, AM, and MA. Detected in 286 municipalities in 2025, present in all 9 states."
2023,1600303,Amapá,Macapá,FTA,Família Terror do Amapá,"AP, PA",1,0,"Local faction from Amapá, one of two main AP groups alongside UCA. When PCC and CV arrived in AP in 2022, PCC allied with FTA (2023). FTA also operates in PA municipalities near the AP border (Afuá, Chaves, Senador José Porfírio) due to geographic proximity. Present in 8 municipalities in 2025, controlling 2 border municipalities."
2023,1600501,Amapá,Oiapoque,CV,Comando Vermelho,All BLA states,0,1,"National faction originating from Rio de Janeiro's prison system (founded late 1970s). Decentralized governance that preserves local leadership structures, facilitating alliances with regional groups. After the 2016 conflict with PCC, CV allied with FDN to access the Solimões drug route and expanded rapidly through the Amazon prison system. Hegemonic in PA (Belém metro), AC, AM, and MA. Detected in 286 municipalities in 2025, present in all 9 states."
2023,1600501,Amapá,Oiapoque,FTA,Família Terror do Amapá,"AP, PA",1,0,"Local faction from Amapá, one of two main AP groups alongside UCA. When PCC and CV arrived in AP in 2022, PCC allied with FTA (2023). FTA also operates in PA municipalities near the AP border (Afuá, Chaves, Senador José Porfírio) due to geographic proximity. Present in 8 municipalities in 2025, controlling 2 border municipalities."
2023,1600501,Amapá,Oiapoque,PCC,Primeiro Comando da Capital,All BLA states,1,0,"National faction originating from São Paulo's prison system (founded 1993). Highly centralized hierarchy with leadership from SP/PR. Present in all 9 Amazonian states across all four editions. Detected in 90 municipalities in 2025, with hegemony in RO, RR, and TO prison systems. The PCC expanded aggressively into the Amazon after the 2016 rupture with CV, seeking control of cocaine transit routes from Peru, Colombia, and Bolivia."
2023,1600535,Amapá,Porto Grande,FTA,Família Terror do Amapá,"AP, PA",1,0,"Local faction from Amapá, one of two main AP groups alongside UCA. When PCC and CV arrived in AP in 2022, PCC allied with FTA (2023). FTA also operates in PA municipalities near the AP border (Afuá, Chaves, Senador José Porfírio) due to geographic proximity. Present in 8 municipalities in 2025, controlling 2 border municipalities."
2023,1600550,Amapá,Pracuúba,FTA,Família Terror do Amapá,"AP, PA",1,0,"Local faction from Amapá, one of two main AP groups alongside UCA. When PCC and CV arrived in AP in 2022, PCC allied with FTA (2023). FTA also operates in PA municipalities near the AP border (Afuá, Chaves, Senador José Porfírio) due to geographic proximity. Present in 8 municipalities in 2025, controlling 2 border municipalities."
2023,1600550,Amapá,Pracuúba,PCC,Primeiro Comando da Capital,All BLA states,1,0,"National faction originating from São Paulo's prison system (founded 1993). Highly centralized hierarchy with leadership from SP/PR. Present in all 9 Amazonian states across all four editions. Detected in 90 municipalities in 2025, with hegemony in RO, RR, and TO prison systems. The PCC expanded aggressively into the Amazon after the 2016 rupture with CV, seeking control of cocaine transit routes from Peru, Colombia, and Bolivia."
2023,1600600,Amapá,Santana,CV,Comando Vermelho,All BLA states,0,1,"National faction originating from Rio de Janeiro's prison system (founded late 1970s). Decentralized governance that preserves local leadership structures, facilitating alliances with regional groups. After the 2016 conflict with PCC, CV allied with FDN to access the Solimões drug route and expanded rapidly through the Amazon prison system. Hegemonic in PA (Belém metro), AC, AM, and MA. Detected in 286 municipalities in 2025, present in all 9 states."
2023,1600600,Amapá,Santana,FTA,Família Terror do Amapá,"AP, PA",1,0,"Local faction from Amapá, one of two main AP groups alongside UCA. When PCC and CV arrived in AP in 2022, PCC allied with FTA (2023). FTA also operates in PA municipalities near the AP border (Afuá, Chaves, Senador José Porfírio) due to geographic proximity. Present in 8 municipalities in 2025, controlling 2 border municipalities."
2023,1702109,Tocantins,Araguaína,CV,Comando Vermelho,All BLA states,0,1,"National faction originating from Rio de Janeiro's prison system (founded late 1970s). Decentralized governance that preserves local leadership structures, facilitating alliances with regional groups. After the 2016 conflict with PCC, CV allied with FDN to access the Solimões drug route and expanded rapidly through the Amazon prison system. Hegemonic in PA (Belém metro), AC, AM, and MA. Detected in 286 municipalities in 2025, present in all 9 states."
2023,1702109,Tocantins,Araguaína,PCC,Primeiro Comando da Capital,All BLA states,1,0,"National faction originating from São Paulo's prison system (founded 1993). Highly centralized hierarchy with leadership from SP/PR. Present in all 9 Amazonian states across all four editions. Detected in 90 municipalities in 2025, with hegemony in RO, RR, and TO prison systems. The PCC expanded aggressively into the Amazon after the 2016 rupture with CV, seeking control of cocaine transit routes from Peru, Colombia, and Bolivia."
2023,1703867,Tocantins,Cariri do Tocantins,PCC,Primeiro Comando da Capital,All BLA states,1,0,"National faction originating from São Paulo's prison system (founded 1993). Highly centralized hierarchy with leadership from SP/PR. Present in all 9 Amazonian states across all four editions. Detected in 90 municipalities in 2025, with hegemony in RO, RR, and TO prison systems. The PCC expanded aggressively into the Amazon after the 2016 rupture with CV, seeking control of cocaine transit routes from Peru, Colombia, and Bolivia."
2023,1709500,Tocantins,Gurupi,CV,Comando Vermelho,All BLA states,0,1,"National faction originating from Rio de Janeiro's prison system (founded late 1970s). Decentralized governance that preserves local leadership structures, facilitating alliances with regional groups. After the 2016 conflict with PCC, CV allied with FDN to access the Solimões drug route and expanded rapidly through the Amazon prison system. Hegemonic in PA (Belém metro), AC, AM, and MA. Detected in 286 municipalities in 2025, present in all 9 states."
2023,1709500,Tocantins,Gurupi,PCC,Primeiro Comando da Capital,All BLA states,1,0,"National faction originating from São Paulo's prison system (founded 1993). Highly centralized hierarchy with leadership from SP/PR. Present in all 9 Amazonian states across all four editions. Detected in 90 municipalities in 2025, with hegemony in RO, RR, and TO prison systems. The PCC expanded aggressively into the Amazon after the 2016 rupture with CV, seeking control of cocaine transit routes from Peru, Colombia, and Bolivia."
2023,1713205,Tocantins,Miracema do Tocantins,PCC,Primeiro Comando da Capital,All BLA states,1,0,"National faction originating from São Paulo's prison system (founded 1993). Highly centralized hierarchy with leadership from SP/PR. Present in all 9 Amazonian states across all four editions. Detected in 90 municipalities in 2025, with hegemony in RO, RR, and TO prison systems. The PCC expanded aggressively into the Amazon after the 2016 rupture with CV, seeking control of cocaine transit routes from Peru, Colombia, and Bolivia."
2023,1716109,Tocantins,Paraíso do Tocantins,CV,Comando Vermelho,All BLA states,0,1,"National faction originating from Rio de Janeiro's prison system (founded late 1970s). Decentralized governance that preserves local leadership structures, facilitating alliances with regional groups. After the 2016 conflict with PCC, CV allied with FDN to access the Solimões drug route and expanded rapidly through the Amazon prison system. Hegemonic in PA (Belém metro), AC, AM, and MA. Detected in 286 municipalities in 2025, present in all 9 states."
2023,1716109,Tocantins,Paraíso do Tocantins,PCC,Primeiro Comando da Capital,All BLA states,1,0,"National faction originating from São Paulo's prison system (founded 1993). Highly centralized hierarchy with leadership from SP/PR. Present in all 9 Amazonian states across all four editions. Detected in 90 municipalities in 2025, with hegemony in RO, RR, and TO prison systems. The PCC expanded aggressively into the Amazon after the 2016 rupture with CV, seeking control of cocaine transit routes from Peru, Colombia, and Bolivia."
2023,1721000,Tocantins,Palmas,CV,Comando Vermelho,All BLA states,0,1,"National faction originating from Rio de Janeiro's prison system (founded late 1970s). Decentralized governance that preserves local leadership structures, facilitating alliances with regional groups. After the 2016 conflict with PCC, CV allied with FDN to access the Solimões drug route and expanded rapidly through the Amazon prison system. Hegemonic in PA (Belém metro), AC, AM, and MA. Detected in 286 municipalities in 2025, present in all 9 states."
2023,1721000,Tocantins,Palmas,PCC,Primeiro Comando da Capital,All BLA states,1,0,"National faction originating from São Paulo's prison system (founded 1993). Highly centralized hierarchy with leadership from SP/PR. Present in all 9 Amazonian states across all four editions. Detected in 90 municipalities in 2025, with hegemony in RO, RR, and TO prison systems. The PCC expanded aggressively into the Amazon after the 2016 rupture with CV, seeking control of cocaine transit routes from Peru, Colombia, and Bolivia."
2023,2100055,Maranhão,Açailândia,CV,Comando Vermelho,All BLA states,0,1,"National faction originating from Rio de Janeiro's prison system (founded late 1970s). Decentralized governance that preserves local leadership structures, facilitating alliances with regional groups. After the 2016 conflict with PCC, CV allied with FDN to access the Solimões drug route and expanded rapidly through the Amazon prison system. Hegemonic in PA (Belém metro), AC, AM, and MA. Detected in 286 municipalities in 2025, present in all 9 states."
2023,2100055,Maranhão,Açailândia,PCC,Primeiro Comando da Capital,All BLA states,1,0,"National faction originating from São Paulo's prison system (founded 1993). Highly centralized hierarchy with leadership from SP/PR. Present in all 9 Amazonian states across all four editions. Detected in 90 municipalities in 2025, with hegemony in RO, RR, and TO prison systems. The PCC expanded aggressively into the Amazon after the 2016 rupture with CV, seeking control of cocaine transit routes from Peru, Colombia, and Bolivia."
2023,2100436,Maranhão,Alto Alegre do Maranhão,B40,Bonde dos 40,"MA, MT, PA",0,0,"Local faction from Maranhão, historically controlling the São Luís metropolitan region. One of the most durable regional factions in the BLA. Appears in coalitions with both CV and PCC across different municipalities — e.g., in São Luís alongside CV and PCM, but in Miranda do Norte alongside PCC. This dual co-occurrence pattern indicates B40 is a genuinely autonomous local power, not a satellite of either national faction. Expanded to Mato Grosso (Cáceres, Cuiabá, Várzea Grande) by 2024/2025. ADA (Amigos dos Amigos) from RJ operates as B40's associate in MA. Present in 26 municipalities in 2025, with 11 under exclusive control."
2023,2100436,Maranhão,Alto Alegre do Maranhão,PCC,Primeiro Comando da Capital,All BLA states,1,0,"National faction originating from São Paulo's prison system (founded 1993). Highly centralized hierarchy with leadership from SP/PR. Present in all 9 Amazonian states across all four editions. Detected in 90 municipalities in 2025, with hegemony in RO, RR, and TO prison systems. The PCC expanded aggressively into the Amazon after the 2016 rupture with CV, seeking control of cocaine transit routes from Peru, Colombia, and Bolivia."
2023,2101202,Maranhão,Bacabal,B40,Bonde dos 40,"MA, MT, PA",0,0,"Local faction from Maranhão, historically controlling the São Luís metropolitan region. One of the most durable regional factions in the BLA. Appears in coalitions with both CV and PCC across different municipalities — e.g., in São Luís alongside CV and PCM, but in Miranda do Norte alongside PCC. This dual co-occurrence pattern indicates B40 is a genuinely autonomous local power, not a satellite of either national faction. Expanded to Mato Grosso (Cáceres, Cuiabá, Várzea Grande) by 2024/2025. ADA (Amigos dos Amigos) from RJ operates as B40's associate in MA. Present in 26 municipalities in 2025, with 11 under exclusive control."
2023,2101251,Maranhão,Bacabeira,CV,Comando Vermelho,All BLA states,0,1,"National faction originating from Rio de Janeiro's prison system (founded late 1970s). Decentralized governance that preserves local leadership structures, facilitating alliances with regional groups. After the 2016 conflict with PCC, CV allied with FDN to access the Solimões drug route and expanded rapidly through the Amazon prison system. Hegemonic in PA (Belém metro), AC, AM, and MA. Detected in 286 municipalities in 2025, present in all 9 states."
2023,2101400,Maranhão,Balsas,PCC,Primeiro Comando da Capital,All BLA states,1,0,"National faction originating from São Paulo's prison system (founded 1993). Highly centralized hierarchy with leadership from SP/PR. Present in all 9 Amazonian states across all four editions. Detected in 90 municipalities in 2025, with hegemony in RO, RR, and TO prison systems. The PCC expanded aggressively into the Amazon after the 2016 rupture with CV, seeking control of cocaine transit routes from Peru, Colombia, and Bolivia."
2023,2101608,Maranhão,Barra do Corda,PCC,Primeiro Comando da Capital,All BLA states,1,0,"National faction originating from São Paulo's prison system (founded 1993). Highly centralized hierarchy with leadership from SP/PR. Present in all 9 Amazonian states across all four editions. Detected in 90 municipalities in 2025, with hegemony in RO, RR, and TO prison systems. The PCC expanded aggressively into the Amazon after the 2016 rupture with CV, seeking control of cocaine transit routes from Peru, Colombia, and Bolivia."
2023,2102325,Maranhão,Buriticupu,CV,Comando Vermelho,All BLA states,0,1,"National faction originating from Rio de Janeiro's prison system (founded late 1970s). Decentralized governance that preserves local leadership structures, facilitating alliances with regional groups. After the 2016 conflict with PCC, CV allied with FDN to access the Solimões drug route and expanded rapidly through the Amazon prison system. Hegemonic in PA (Belém metro), AC, AM, and MA. Detected in 286 municipalities in 2025, present in all 9 states."
2023,2102325,Maranhão,Buriticupu,PCC,Primeiro Comando da Capital,All BLA states,1,0,"National faction originating from São Paulo's prison system (founded 1993). Highly centralized hierarchy with leadership from SP/PR. Present in all 9 Amazonian states across all four editions. Detected in 90 municipalities in 2025, with hegemony in RO, RR, and TO prison systems. The PCC expanded aggressively into the Amazon after the 2016 rupture with CV, seeking control of cocaine transit routes from Peru, Colombia, and Bolivia."
2023,2103703,Maranhão,Cururupu,CV,Comando Vermelho,All BLA states,0,1,"National faction originating from Rio de Janeiro's prison system (founded late 1970s). Decentralized governance that preserves local leadership structures, facilitating alliances with regional groups. After the 2016 conflict with PCC, CV allied with FDN to access the Solimões drug route and expanded rapidly through the Amazon prison system. Hegemonic in PA (Belém metro), AC, AM, and MA. Detected in 286 municipalities in 2025, present in all 9 states."
2023,2103752,Maranhão,Davinópolis,CV,Comando Vermelho,All BLA states,0,1,"National faction originating from Rio de Janeiro's prison system (founded late 1970s). Decentralized governance that preserves local leadership structures, facilitating alliances with regional groups. After the 2016 conflict with PCC, CV allied with FDN to access the Solimões drug route and expanded rapidly through the Amazon prison system. Hegemonic in PA (Belém metro), AC, AM, and MA. Detected in 286 municipalities in 2025, present in all 9 states."
2023,2103752,Maranhão,Davinópolis,PCC,Primeiro Comando da Capital,All BLA states,1,0,"National faction originating from São Paulo's prison system (founded 1993). Highly centralized hierarchy with leadership from SP/PR. Present in all 9 Amazonian states across all four editions. Detected in 90 municipalities in 2025, with hegemony in RO, RR, and TO prison systems. The PCC expanded aggressively into the Amazon after the 2016 rupture with CV, seeking control of cocaine transit routes from Peru, Colombia, and Bolivia."
2023,2104057,Maranhão,Estreito,PCC,Primeiro Comando da Capital,All BLA states,1,0,"National faction originating from São Paulo's prison system (founded 1993). Highly centralized hierarchy with leadership from SP/PR. Present in all 9 Amazonian states across all four editions. Detected in 90 municipalities in 2025, with hegemony in RO, RR, and TO prison systems. The PCC expanded aggressively into the Amazon after the 2016 rupture with CV, seeking control of cocaine transit routes from Peru, Colombia, and Bolivia."
2023,2105302,Maranhão,Imperatriz,CV,Comando Vermelho,All BLA states,0,1,"National faction originating from Rio de Janeiro's prison system (founded late 1970s). Decentralized governance that preserves local leadership structures, facilitating alliances with regional groups. After the 2016 conflict with PCC, CV allied with FDN to access the Solimões drug route and expanded rapidly through the Amazon prison system. Hegemonic in PA (Belém metro), AC, AM, and MA. Detected in 286 municipalities in 2025, present in all 9 states."
2023,2105302,Maranhão,Imperatriz,PCC,Primeiro Comando da Capital,All BLA states,1,0,"National faction originating from São Paulo's prison system (founded 1993). Highly centralized hierarchy with leadership from SP/PR. Present in all 9 Amazonian states across all four editions. Detected in 90 municipalities in 2025, with hegemony in RO, RR, and TO prison systems. The PCC expanded aggressively into the Amazon after the 2016 rupture with CV, seeking control of cocaine transit routes from Peru, Colombia, and Bolivia."
2023,2107506,Maranhão,Paço do Lumiar,B40,Bonde dos 40,"MA, MT, PA",0,0,"Local faction from Maranhão, historically controlling the São Luís metropolitan region. One of the most durable regional factions in the BLA. Appears in coalitions with both CV and PCC across different municipalities — e.g., in São Luís alongside CV and PCM, but in Miranda do Norte alongside PCC. This dual co-occurrence pattern indicates B40 is a genuinely autonomous local power, not a satellite of either national faction. Expanded to Mato Grosso (Cáceres, Cuiabá, Várzea Grande) by 2024/2025. ADA (Amigos dos Amigos) from RJ operates as B40's associate in MA. Present in 26 municipalities in 2025, with 11 under exclusive control."
2023,2108306,Maranhão,Penalva,CV,Comando Vermelho,All BLA states,0,1,"National faction originating from Rio de Janeiro's prison system (founded late 1970s). Decentralized governance that preserves local leadership structures, facilitating alliances with regional groups. After the 2016 conflict with PCC, CV allied with FDN to access the Solimões drug route and expanded rapidly through the Amazon prison system. Hegemonic in PA (Belém metro), AC, AM, and MA. Detected in 286 municipalities in 2025, present in all 9 states."
2023,2109007,Maranhão,Porto Franco,CV,Comando Vermelho,All BLA states,0,1,"National faction originating from Rio de Janeiro's prison system (founded late 1970s). Decentralized governance that preserves local leadership structures, facilitating alliances with regional groups. After the 2016 conflict with PCC, CV allied with FDN to access the Solimões drug route and expanded rapidly through the Amazon prison system. Hegemonic in PA (Belém metro), AC, AM, and MA. Detected in 286 municipalities in 2025, present in all 9 states."
2023,2109007,Maranhão,Porto Franco,PCC,Primeiro Comando da Capital,All BLA states,1,0,"National faction originating from São Paulo's prison system (founded 1993). Highly centralized hierarchy with leadership from SP/PR. Present in all 9 Amazonian states across all four editions. Detected in 90 municipalities in 2025, with hegemony in RO, RR, and TO prison systems. The PCC expanded aggressively into the Amazon after the 2016 rupture with CV, seeking control of cocaine transit routes from Peru, Colombia, and Bolivia."
2023,2109452,Maranhão,Raposa,B40,Bonde dos 40,"MA, MT, PA",0,0,"Local faction from Maranhão, historically controlling the São Luís metropolitan region. One of the most durable regional factions in the BLA. Appears in coalitions with both CV and PCC across different municipalities — e.g., in São Luís alongside CV and PCM, but in Miranda do Norte alongside PCC. This dual co-occurrence pattern indicates B40 is a genuinely autonomous local power, not a satellite of either national faction. Expanded to Mato Grosso (Cáceres, Cuiabá, Várzea Grande) by 2024/2025. ADA (Amigos dos Amigos) from RJ operates as B40's associate in MA. Present in 26 municipalities in 2025, with 11 under exclusive control."
2023,2109601,Maranhão,Rosário,B40,Bonde dos 40,"MA, MT, PA",0,0,"Local faction from Maranhão, historically controlling the São Luís metropolitan region. One of the most durable regional factions in the BLA. Appears in coalitions with both CV and PCC across different municipalities — e.g., in São Luís alongside CV and PCM, but in Miranda do Norte alongside PCC. This dual co-occurrence pattern indicates B40 is a genuinely autonomous local power, not a satellite of either national faction. Expanded to Mato Grosso (Cáceres, Cuiabá, Várzea Grande) by 2024/2025. ADA (Amigos dos Amigos) from RJ operates as B40's associate in MA. Present in 26 municipalities in 2025, with 11 under exclusive control."
2023,2109908,Maranhão,Santa Inês,CV,Comando Vermelho,All BLA states,0,1,"National faction originating from Rio de Janeiro's prison system (founded late 1970s). Decentralized governance that preserves local leadership structures, facilitating alliances with regional groups. After the 2016 conflict with PCC, CV allied with FDN to access the Solimões drug route and expanded rapidly through the Amazon prison system. Hegemonic in PA (Belém metro), AC, AM, and MA. Detected in 286 municipalities in 2025, present in all 9 states."
2023,2111201,Maranhão,São José de Ribamar,B40,Bonde dos 40,"MA, MT, PA",0,0,"Local faction from Maranhão, historically controlling the São Luís metropolitan region. One of the most durable regional factions in the BLA. Appears in coalitions with both CV and PCC across different municipalities — e.g., in São Luís alongside CV and PCM, but in Miranda do Norte alongside PCC. This dual co-occurrence pattern indicates B40 is a genuinely autonomous local power, not a satellite of either national faction. Expanded to Mato Grosso (Cáceres, Cuiabá, Várzea Grande) by 2024/2025. ADA (Amigos dos Amigos) from RJ operates as B40's associate in MA. Present in 26 municipalities in 2025, with 11 under exclusive control."
2023,2111201,Maranhão,São José de Ribamar,CV,Comando Vermelho,All BLA states,0,1,"National faction originating from Rio de Janeiro's prison system (founded late 1970s). Decentralized governance that preserves local leadership structures, facilitating alliances with regional groups. After the 2016 conflict with PCC, CV allied with FDN to access the Solimões drug route and expanded rapidly through the Amazon prison system. Hegemonic in PA (Belém metro), AC, AM, and MA. Detected in 286 municipalities in 2025, present in all 9 states."
2023,2111201,Maranhão,São José de Ribamar,PCC,Primeiro Comando da Capital,All BLA states,1,0,"National faction originating from São Paulo's prison system (founded 1993). Highly centralized hierarchy with leadership from SP/PR. Present in all 9 Amazonian states across all four editions. Detected in 90 municipalities in 2025, with hegemony in RO, RR, and TO prison systems. The PCC expanded aggressively into the Amazon after the 2016 rupture with CV, seeking control of cocaine transit routes from Peru, Colombia, and Bolivia."
2023,5100250,Mato Grosso,Alta Floresta,CV,Comando Vermelho,All BLA states,0,1,"National faction originating from Rio de Janeiro's prison system (founded late 1970s). Decentralized governance that preserves local leadership structures, facilitating alliances with regional groups. After the 2016 conflict with PCC, CV allied with FDN to access the Solimões drug route and expanded rapidly through the Amazon prison system. Hegemonic in PA (Belém metro), AC, AM, and MA. Detected in 286 municipalities in 2025, present in all 9 states."
2023,5100250,Mato Grosso,Alta Floresta,PCC,Primeiro Comando da Capital,All BLA states,1,0,"National faction originating from São Paulo's prison system (founded 1993). Highly centralized hierarchy with leadership from SP/PR. Present in all 9 Amazonian states across all four editions. Detected in 90 municipalities in 2025, with hegemony in RO, RR, and TO prison systems. The PCC expanded aggressively into the Amazon after the 2016 rupture with CV, seeking control of cocaine transit routes from Peru, Colombia, and Bolivia."
2023,5102504,Mato Grosso,Cáceres,CV,Comando Vermelho,All BLA states,0,1,"National faction originating from Rio de Janeiro's prison system (founded late 1970s). Decentralized governance that preserves local leadership structures, facilitating alliances with regional groups. After the 2016 conflict with PCC, CV allied with FDN to access the Solimões drug route and expanded rapidly through the Amazon prison system. Hegemonic in PA (Belém metro), AC, AM, and MA. Detected in 286 municipalities in 2025, present in all 9 states."
2023,5103403,Mato Grosso,Cuiabá,CV,Comando Vermelho,All BLA states,0,1,"National faction originating from Rio de Janeiro's prison system (founded late 1970s). Decentralized governance that preserves local leadership structures, facilitating alliances with regional groups. After the 2016 conflict with PCC, CV allied with FDN to access the Solimões drug route and expanded rapidly through the Amazon prison system. Hegemonic in PA (Belém metro), AC, AM, and MA. Detected in 286 municipalities in 2025, present in all 9 states."
2023,5105622,Mato Grosso,Mirassol D'Oeste,PCC,Primeiro Comando da Capital,All BLA states,1,0,"National faction originating from São Paulo's prison system (founded 1993). Highly centralized hierarchy with leadership from SP/PR. Present in all 9 Amazonian states across all four editions. Detected in 90 municipalities in 2025, with hegemony in RO, RR, and TO prison systems. The PCC expanded aggressively into the Amazon after the 2016 rupture with CV, seeking control of cocaine transit routes from Peru, Colombia, and Bolivia."
2023,5106828,Mato Grosso,Porto Esperidião,CV,Comando Vermelho,All BLA states,0,1,"National faction originating from Rio de Janeiro's prison system (founded late 1970s). Decentralized governance that preserves local leadership structures, facilitating alliances with regional groups. After the 2016 conflict with PCC, CV allied with FDN to access the Solimões drug route and expanded rapidly through the Amazon prison system. Hegemonic in PA (Belém metro), AC, AM, and MA. Detected in 286 municipalities in 2025, present in all 9 states."
2023,5107305,Mato Grosso,São José do Rio Claro,CV,Comando Vermelho,All BLA states,0,1,"National faction originating from Rio de Janeiro's prison system (founded late 1970s). Decentralized governance that preserves local leadership structures, facilitating alliances with regional groups. After the 2016 conflict with PCC, CV allied with FDN to access the Solimões drug route and expanded rapidly through the Amazon prison system. Hegemonic in PA (Belém metro), AC, AM, and MA. Detected in 286 municipalities in 2025, present in all 9 states."
2023,5107305,Mato Grosso,São José do Rio Claro,PCC,Primeiro Comando da Capital,All BLA states,1,0,"National faction originating from São Paulo's prison system (founded 1993). Highly centralized hierarchy with leadership from SP/PR. Present in all 9 Amazonian states across all four editions. Detected in 90 municipalities in 2025, with hegemony in RO, RR, and TO prison systems. The PCC expanded aggressively into the Amazon after the 2016 rupture with CV, seeking control of cocaine transit routes from Peru, Colombia, and Bolivia."
2023,5107602,Mato Grosso,Rondonópolis,CV,Comando Vermelho,All BLA states,0,1,"National faction originating from Rio de Janeiro's prison system (founded late 1970s). Decentralized governance that preserves local leadership structures, facilitating alliances with regional groups. After the 2016 conflict with PCC, CV allied with FDN to access the Solimões drug route and expanded rapidly through the Amazon prison system. Hegemonic in PA (Belém metro), AC, AM, and MA. Detected in 286 municipalities in 2025, present in all 9 states."
2023,5107602,Mato Grosso,Rondonópolis,PCC,Primeiro Comando da Capital,All BLA states,1,0,"National faction originating from São Paulo's prison system (founded 1993). Highly centralized hierarchy with leadership from SP/PR. Present in all 9 Amazonian states across all four editions. Detected in 90 municipalities in 2025, with hegemony in RO, RR, and TO prison systems. The PCC expanded aggressively into the Amazon after the 2016 rupture with CV, seeking control of cocaine transit routes from Peru, Colombia, and Bolivia."
2023,5107701,Mato Grosso,Rosário Oeste,CV,Comando Vermelho,All BLA states,0,1,"National faction originating from Rio de Janeiro's prison system (founded late 1970s). Decentralized governance that preserves local leadership structures, facilitating alliances with regional groups. After the 2016 conflict with PCC, CV allied with FDN to access the Solimões drug route and expanded rapidly through the Amazon prison system. Hegemonic in PA (Belém metro), AC, AM, and MA. Detected in 286 municipalities in 2025, present in all 9 states."
2023,5107701,Mato Grosso,Rosário Oeste,PCC,Primeiro Comando da Capital,All BLA states,1,0,"National faction originating from São Paulo's prison system (founded 1993). Highly centralized hierarchy with leadership from SP/PR. Present in all 9 Amazonian states across all four editions. Detected in 90 municipalities in 2025, with hegemony in RO, RR, and TO prison systems. The PCC expanded aggressively into the Amazon after the 2016 rupture with CV, seeking control of cocaine transit routes from Peru, Colombia, and Bolivia."
2023,5107925,Mato Grosso,Sorriso,CV,Comando Vermelho,All BLA states,0,1,"National faction originating from Rio de Janeiro's prison system (founded late 1970s). Decentralized governance that preserves local leadership structures, facilitating alliances with regional groups. After the 2016 conflict with PCC, CV allied with FDN to access the Solimões drug route and expanded rapidly through the Amazon prison system. Hegemonic in PA (Belém metro), AC, AM, and MA. Detected in 286 municipalities in 2025, present in all 9 states."
2023,5107925,Mato Grosso,Sorriso,PCC,Primeiro Comando da Capital,All BLA states,1,0,"National faction originating from São Paulo's prison system (founded 1993). Highly centralized hierarchy with leadership from SP/PR. Present in all 9 Amazonian states across all four editions. Detected in 90 municipalities in 2025, with hegemony in RO, RR, and TO prison systems. The PCC expanded aggressively into the Amazon after the 2016 rupture with CV, seeking control of cocaine transit routes from Peru, Colombia, and Bolivia."
2023,5107925,Mato Grosso,Sorriso,Tropa Castelar,Tropa do Castelar,MT,1,0,"Local group from Mato Grosso. Named after a neighborhood in Várzea Grande (MT). Present in 5 municipalities in 2025, exclusively controlling 2 (Alto Paraguai, Nova Maringá). In conflict with CV since 2023, and aligned to PCC."
2023,5107958,Mato Grosso,Tangará da Serra,CV,Comando Vermelho,All BLA states,0,1,"National faction originating from Rio de Janeiro's prison system (founded late 1970s). Decentralized governance that preserves local leadership structures, facilitating alliances with regional groups. After the 2016 conflict with PCC, CV allied with FDN to access the Solimões drug route and expanded rapidly through the Amazon prison system. Hegemonic in PA (Belém metro), AC, AM, and MA. Detected in 286 municipalities in 2025, present in all 9 states."
2023,5107958,Mato Grosso,Tangará da Serra,PCC,Primeiro Comando da Capital,All BLA states,1,0,"National faction originating from São Paulo's prison system (founded 1993). Highly centralized hierarchy with leadership from SP/PR. Present in all 9 Amazonian states across all four editions. Detected in 90 municipalities in 2025, with hegemony in RO, RR, and TO prison systems. The PCC expanded aggressively into the Amazon after the 2016 rupture with CV, seeking control of cocaine transit routes from Peru, Colombia, and Bolivia."
2023,5108402,Mato Grosso,Várzea Grande,CV,Comando Vermelho,All BLA states,0,1,"National faction originating from Rio de Janeiro's prison system (founded late 1970s). Decentralized governance that preserves local leadership structures, facilitating alliances with regional groups. After the 2016 conflict with PCC, CV allied with FDN to access the Solimões drug route and expanded rapidly through the Amazon prison system. Hegemonic in PA (Belém metro), AC, AM, and MA. Detected in 286 municipalities in 2025, present in all 9 states."
2023,5108402,Mato Grosso,Várzea Grande,PCC,Primeiro Comando da Capital,All BLA states,1,0,"National faction originating from São Paulo's prison system (founded 1993). Highly centralized hierarchy with leadership from SP/PR. Present in all 9 Amazonian states across all four editions. Detected in 90 municipalities in 2025, with hegemony in RO, RR, and TO prison systems. The PCC expanded aggressively into the Amazon after the 2016 rupture with CV, seeking control of cocaine transit routes from Peru, Colombia, and Bolivia."
2024,1100015,Rondônia,Alta Floresta D'Oeste,PCP,Primeiro Comando Panda,"RO, RR",1,0,"Local faction from Rondônia. Present in Alta Floresta d'Oeste, Nova Mamoré, Novo Horizonte do Oeste, and São Francisco do Guaporé (2023). The 2025 edition explicitly states PCP was no longer detected."
2024,1100023,Rondônia,Ariquemes,CV,Comando Vermelho,All BLA states,0,1,"National faction originating from Rio de Janeiro's prison system (founded late 1970s). Decentralized governance that preserves local leadership structures, facilitating alliances with regional groups. After the 2016 conflict with PCC, CV allied with FDN to access the Solimões drug route and expanded rapidly through the Amazon prison system. Hegemonic in PA (Belém metro), AC, AM, and MA. Detected in 286 municipalities in 2025, present in all 9 states."
2024,1100023,Rondônia,Ariquemes,PCC,Primeiro Comando da Capital,All BLA states,1,0,"National faction originating from São Paulo's prison system (founded 1993). Highly centralized hierarchy with leadership from SP/PR. Present in all 9 Amazonian states across all four editions. Detected in 90 municipalities in 2025, with hegemony in RO, RR, and TO prison systems. The PCC expanded aggressively into the Amazon after the 2016 rupture with CV, seeking control of cocaine transit routes from Peru, Colombia, and Bolivia."
2024,1100031,Rondônia,Cabixi,PCC,Primeiro Comando da Capital,All BLA states,1,0,"National faction originating from São Paulo's prison system (founded 1993). Highly centralized hierarchy with leadership from SP/PR. Present in all 9 Amazonian states across all four editions. Detected in 90 municipalities in 2025, with hegemony in RO, RR, and TO prison systems. The PCC expanded aggressively into the Amazon after the 2016 rupture with CV, seeking control of cocaine transit routes from Peru, Colombia, and Bolivia."
2024,1100056,Rondônia,Cerejeiras,PCC,Primeiro Comando da Capital,All BLA states,1,0,"National faction originating from São Paulo's prison system (founded 1993). Highly centralized hierarchy with leadership from SP/PR. Present in all 9 Amazonian states across all four editions. Detected in 90 municipalities in 2025, with hegemony in RO, RR, and TO prison systems. The PCC expanded aggressively into the Amazon after the 2016 rupture with CV, seeking control of cocaine transit routes from Peru, Colombia, and Bolivia."
2024,1100064,Rondônia,Colorado do Oeste,PCC,Primeiro Comando da Capital,All BLA states,1,0,"National faction originating from São Paulo's prison system (founded 1993). Highly centralized hierarchy with leadership from SP/PR. Present in all 9 Amazonian states across all four editions. Detected in 90 municipalities in 2025, with hegemony in RO, RR, and TO prison systems. The PCC expanded aggressively into the Amazon after the 2016 rupture with CV, seeking control of cocaine transit routes from Peru, Colombia, and Bolivia."
2024,1100072,Rondônia,Corumbiara,CV,Comando Vermelho,All BLA states,0,1,"National faction originating from Rio de Janeiro's prison system (founded late 1970s). Decentralized governance that preserves local leadership structures, facilitating alliances with regional groups. After the 2016 conflict with PCC, CV allied with FDN to access the Solimões drug route and expanded rapidly through the Amazon prison system. Hegemonic in PA (Belém metro), AC, AM, and MA. Detected in 286 municipalities in 2025, present in all 9 states."
2024,1100080,Rondônia,Costa Marques,PCC,Primeiro Comando da Capital,All BLA states,1,0,"National faction originating from São Paulo's prison system (founded 1993). Highly centralized hierarchy with leadership from SP/PR. Present in all 9 Amazonian states across all four editions. Detected in 90 municipalities in 2025, with hegemony in RO, RR, and TO prison systems. The PCC expanded aggressively into the Amazon after the 2016 rupture with CV, seeking control of cocaine transit routes from Peru, Colombia, and Bolivia."
2024,1100106,Rondônia,Guajará-Mirim,PCC,Primeiro Comando da Capital,All BLA states,1,0,"National faction originating from São Paulo's prison system (founded 1993). Highly centralized hierarchy with leadership from SP/PR. Present in all 9 Amazonian states across all four editions. Detected in 90 municipalities in 2025, with hegemony in RO, RR, and TO prison systems. The PCC expanded aggressively into the Amazon after the 2016 rupture with CV, seeking control of cocaine transit routes from Peru, Colombia, and Bolivia."
2024,1100122,Rondônia,Ji-Paraná,PCC,Primeiro Comando da Capital,All BLA states,1,0,"National faction originating from São Paulo's prison system (founded 1993). Highly centralized hierarchy with leadership from SP/PR. Present in all 9 Amazonian states across all four editions. Detected in 90 municipalities in 2025, with hegemony in RO, RR, and TO prison systems. The PCC expanded aggressively into the Amazon after the 2016 rupture with CV, seeking control of cocaine transit routes from Peru, Colombia, and Bolivia."
2024,1100148,Rondônia,Nova Brasilândia D'Oeste,CV,Comando Vermelho,All BLA states,0,1,"National faction originating from Rio de Janeiro's prison system (founded late 1970s). Decentralized governance that preserves local leadership structures, facilitating alliances with regional groups. After the 2016 conflict with PCC, CV allied with FDN to access the Solimões drug route and expanded rapidly through the Amazon prison system. Hegemonic in PA (Belém metro), AC, AM, and MA. Detected in 286 municipalities in 2025, present in all 9 states."
2024,1100148,Rondônia,Nova Brasilândia D'Oeste,PCC,Primeiro Comando da Capital,All BLA states,1,0,"National faction originating from São Paulo's prison system (founded 1993). Highly centralized hierarchy with leadership from SP/PR. Present in all 9 Amazonian states across all four editions. Detected in 90 municipalities in 2025, with hegemony in RO, RR, and TO prison systems. The PCC expanded aggressively into the Amazon after the 2016 rupture with CV, seeking control of cocaine transit routes from Peru, Colombia, and Bolivia."
2024,1100205,Rondônia,Porto Velho,CV,Comando Vermelho,All BLA states,0,1,"National faction originating from Rio de Janeiro's prison system (founded late 1970s). Decentralized governance that preserves local leadership structures, facilitating alliances with regional groups. After the 2016 conflict with PCC, CV allied with FDN to access the Solimões drug route and expanded rapidly through the Amazon prison system. Hegemonic in PA (Belém metro), AC, AM, and MA. Detected in 286 municipalities in 2025, present in all 9 states."
2024,1100205,Rondônia,Porto Velho,PCC,Primeiro Comando da Capital,All BLA states,1,0,"National faction originating from São Paulo's prison system (founded 1993). Highly centralized hierarchy with leadership from SP/PR. Present in all 9 Amazonian states across all four editions. Detected in 90 municipalities in 2025, with hegemony in RO, RR, and TO prison systems. The PCC expanded aggressively into the Amazon after the 2016 rupture with CV, seeking control of cocaine transit routes from Peru, Colombia, and Bolivia."
2024,1100205,Rondônia,Porto Velho,TDR,Tropa da Revolução,RO,0,0,Emerged as a PCC dissidence in Rondônia (2024). Detected in Porto Velho and Vilhena alongside PCC and CV in 2024. The 2025 edition states TDR was no longer detected in Rondônia.
2024,1100254,Rondônia,Presidente Médici,PCC,Primeiro Comando da Capital,All BLA states,1,0,"National faction originating from São Paulo's prison system (founded 1993). Highly centralized hierarchy with leadership from SP/PR. Present in all 9 Amazonian states across all four editions. Detected in 90 municipalities in 2025, with hegemony in RO, RR, and TO prison systems. The PCC expanded aggressively into the Amazon after the 2016 rupture with CV, seeking control of cocaine transit routes from Peru, Colombia, and Bolivia."
2024,1100288,Rondônia,Rolim de Moura,PCC,Primeiro Comando da Capital,All BLA states,1,0,"National faction originating from São Paulo's prison system (founded 1993). Highly centralized hierarchy with leadership from SP/PR. Present in all 9 Amazonian states across all four editions. Detected in 90 municipalities in 2025, with hegemony in RO, RR, and TO prison systems. The PCC expanded aggressively into the Amazon after the 2016 rupture with CV, seeking control of cocaine transit routes from Peru, Colombia, and Bolivia."
2024,1100296,Rondônia,Santa Luzia D'Oeste,CV,Comando Vermelho,All BLA states,0,1,"National faction originating from Rio de Janeiro's prison system (founded late 1970s). Decentralized governance that preserves local leadership structures, facilitating alliances with regional groups. After the 2016 conflict with PCC, CV allied with FDN to access the Solimões drug route and expanded rapidly through the Amazon prison system. Hegemonic in PA (Belém metro), AC, AM, and MA. Detected in 286 municipalities in 2025, present in all 9 states."
2024,1100304,Rondônia,Vilhena,CV,Comando Vermelho,All BLA states,0,1,"National faction originating from Rio de Janeiro's prison system (founded late 1970s). Decentralized governance that preserves local leadership structures, facilitating alliances with regional groups. After the 2016 conflict with PCC, CV allied with FDN to access the Solimões drug route and expanded rapidly through the Amazon prison system. Hegemonic in PA (Belém metro), AC, AM, and MA. Detected in 286 municipalities in 2025, present in all 9 states."
2024,1100304,Rondônia,Vilhena,PCC,Primeiro Comando da Capital,All BLA states,1,0,"National faction originating from São Paulo's prison system (founded 1993). Highly centralized hierarchy with leadership from SP/PR. Present in all 9 Amazonian states across all four editions. Detected in 90 municipalities in 2025, with hegemony in RO, RR, and TO prison systems. The PCC expanded aggressively into the Amazon after the 2016 rupture with CV, seeking control of cocaine transit routes from Peru, Colombia, and Bolivia."
2024,1100304,Rondônia,Vilhena,TDR,Tropa da Revolução,RO,0,0,Emerged as a PCC dissidence in Rondônia (2024). Detected in Porto Velho and Vilhena alongside PCC and CV in 2024. The 2025 edition states TDR was no longer detected in Rondônia.
2024,1100338,Rondônia,Nova Mamoré,PCC,Primeiro Comando da Capital,All BLA states,1,0,"National faction originating from São Paulo's prison system (founded 1993). Highly centralized hierarchy with leadership from SP/PR. Present in all 9 Amazonian states across all four editions. Detected in 90 municipalities in 2025, with hegemony in RO, RR, and TO prison systems. The PCC expanded aggressively into the Amazon after the 2016 rupture with CV, seeking control of cocaine transit routes from Peru, Colombia, and Bolivia."
2024,1100338,Rondônia,Nova Mamoré,PCP,Primeiro Comando Panda,"RO, RR",1,0,"Local faction from Rondônia. Present in Alta Floresta d'Oeste, Nova Mamoré, Novo Horizonte do Oeste, and São Francisco do Guaporé (2023). The 2025 edition explicitly states PCP was no longer detected."
2024,1100346,Rondônia,Alvorada D'Oeste,PCC,Primeiro Comando da Capital,All BLA states,1,0,"National faction originating from São Paulo's prison system (founded 1993). Highly centralized hierarchy with leadership from SP/PR. Present in all 9 Amazonian states across all four editions. Detected in 90 municipalities in 2025, with hegemony in RO, RR, and TO prison systems. The PCC expanded aggressively into the Amazon after the 2016 rupture with CV, seeking control of cocaine transit routes from Peru, Colombia, and Bolivia."
2024,1100379,Rondônia,Alto Alegre dos Parecis,PCC,Primeiro Comando da Capital,All BLA states,1,0,"National faction originating from São Paulo's prison system (founded 1993). Highly centralized hierarchy with leadership from SP/PR. Present in all 9 Amazonian states across all four editions. Detected in 90 municipalities in 2025, with hegemony in RO, RR, and TO prison systems. The PCC expanded aggressively into the Amazon after the 2016 rupture with CV, seeking control of cocaine transit routes from Peru, Colombia, and Bolivia."
2024,1100502,Rondônia,Novo Horizonte do Oeste,PCC,Primeiro Comando da Capital,All BLA states,1,0,"National faction originating from São Paulo's prison system (founded 1993). Highly centralized hierarchy with leadership from SP/PR. Present in all 9 Amazonian states across all four editions. Detected in 90 municipalities in 2025, with hegemony in RO, RR, and TO prison systems. The PCC expanded aggressively into the Amazon after the 2016 rupture with CV, seeking control of cocaine transit routes from Peru, Colombia, and Bolivia."
2024,1100502,Rondônia,Novo Horizonte do Oeste,PCP,Primeiro Comando Panda,"RO, RR",1,0,"Local faction from Rondônia. Present in Alta Floresta d'Oeste, Nova Mamoré, Novo Horizonte do Oeste, and São Francisco do Guaporé (2023). The 2025 edition explicitly states PCP was no longer detected."
2024,1100700,Rondônia,Campo Novo de Rondônia,CV,Comando Vermelho,All BLA states,0,1,"National faction originating from Rio de Janeiro's prison system (founded late 1970s). Decentralized governance that preserves local leadership structures, facilitating alliances with regional groups. After the 2016 conflict with PCC, CV allied with FDN to access the Solimões drug route and expanded rapidly through the Amazon prison system. Hegemonic in PA (Belém metro), AC, AM, and MA. Detected in 286 municipalities in 2025, present in all 9 states."
2024,1100924,Rondônia,Chupinguaia,CV,Comando Vermelho,All BLA states,0,1,"National faction originating from Rio de Janeiro's prison system (founded late 1970s). Decentralized governance that preserves local leadership structures, facilitating alliances with regional groups. After the 2016 conflict with PCC, CV allied with FDN to access the Solimões drug route and expanded rapidly through the Amazon prison system. Hegemonic in PA (Belém metro), AC, AM, and MA. Detected in 286 municipalities in 2025, present in all 9 states."
2024,1100924,Rondônia,Chupinguaia,PCC,Primeiro Comando da Capital,All BLA states,1,0,"National faction originating from São Paulo's prison system (founded 1993). Highly centralized hierarchy with leadership from SP/PR. Present in all 9 Amazonian states across all four editions. Detected in 90 municipalities in 2025, with hegemony in RO, RR, and TO prison systems. The PCC expanded aggressively into the Amazon after the 2016 rupture with CV, seeking control of cocaine transit routes from Peru, Colombia, and Bolivia."
2024,1101005,Rondônia,Governador Jorge Teixeira,CV,Comando Vermelho,All BLA states,0,1,"National faction originating from Rio de Janeiro's prison system (founded late 1970s). Decentralized governance that preserves local leadership structures, facilitating alliances with regional groups. After the 2016 conflict with PCC, CV allied with FDN to access the Solimões drug route and expanded rapidly through the Amazon prison system. Hegemonic in PA (Belém metro), AC, AM, and MA. Detected in 286 municipalities in 2025, present in all 9 states."
2024,1101005,Rondônia,Governador Jorge Teixeira,PCC,Primeiro Comando da Capital,All BLA states,1,0,"National faction originating from São Paulo's prison system (founded 1993). Highly centralized hierarchy with leadership from SP/PR. Present in all 9 Amazonian states across all four editions. Detected in 90 municipalities in 2025, with hegemony in RO, RR, and TO prison systems. The PCC expanded aggressively into the Amazon after the 2016 rupture with CV, seeking control of cocaine transit routes from Peru, Colombia, and Bolivia."
2024,1101468,Rondônia,Pimenteira do Oeste,CV,Comando Vermelho,All BLA states,0,1,"National faction originating from Rio de Janeiro's prison system (founded late 1970s). Decentralized governance that preserves local leadership structures, facilitating alliances with regional groups. After the 2016 conflict with PCC, CV allied with FDN to access the Solimões drug route and expanded rapidly through the Amazon prison system. Hegemonic in PA (Belém metro), AC, AM, and MA. Detected in 286 municipalities in 2025, present in all 9 states."
2024,1101476,Rondônia,Primavera de Rondônia,PCC,Primeiro Comando da Capital,All BLA states,1,0,"National faction originating from São Paulo's prison system (founded 1993). Highly centralized hierarchy with leadership from SP/PR. Present in all 9 Amazonian states across all four editions. Detected in 90 municipalities in 2025, with hegemony in RO, RR, and TO prison systems. The PCC expanded aggressively into the Amazon after the 2016 rupture with CV, seeking control of cocaine transit routes from Peru, Colombia, and Bolivia."
2024,1101492,Rondônia,São Francisco do Guaporé,CV,Comando Vermelho,All BLA states,0,1,"National faction originating from Rio de Janeiro's prison system (founded late 1970s). Decentralized governance that preserves local leadership structures, facilitating alliances with regional groups. After the 2016 conflict with PCC, CV allied with FDN to access the Solimões drug route and expanded rapidly through the Amazon prison system. Hegemonic in PA (Belém metro), AC, AM, and MA. Detected in 286 municipalities in 2025, present in all 9 states."
2024,1101492,Rondônia,São Francisco do Guaporé,PCC,Primeiro Comando da Capital,All BLA states,1,0,"National faction originating from São Paulo's prison system (founded 1993). Highly centralized hierarchy with leadership from SP/PR. Present in all 9 Amazonian states across all four editions. Detected in 90 municipalities in 2025, with hegemony in RO, RR, and TO prison systems. The PCC expanded aggressively into the Amazon after the 2016 rupture with CV, seeking control of cocaine transit routes from Peru, Colombia, and Bolivia."
2024,1101492,Rondônia,São Francisco do Guaporé,PCP,Primeiro Comando Panda,"RO, RR",1,0,"Local faction from Rondônia. Present in Alta Floresta d'Oeste, Nova Mamoré, Novo Horizonte do Oeste, and São Francisco do Guaporé (2023). The 2025 edition explicitly states PCP was no longer detected."
2024,1101500,Rondônia,Seringueiras,CV,Comando Vermelho,All BLA states,0,1,"National faction originating from Rio de Janeiro's prison system (founded late 1970s). Decentralized governance that preserves local leadership structures, facilitating alliances with regional groups. After the 2016 conflict with PCC, CV allied with FDN to access the Solimões drug route and expanded rapidly through the Amazon prison system. Hegemonic in PA (Belém metro), AC, AM, and MA. Detected in 286 municipalities in 2025, present in all 9 states."
2024,1101500,Rondônia,Seringueiras,PCC,Primeiro Comando da Capital,All BLA states,1,0,"National faction originating from São Paulo's prison system (founded 1993). Highly centralized hierarchy with leadership from SP/PR. Present in all 9 Amazonian states across all four editions. Detected in 90 municipalities in 2025, with hegemony in RO, RR, and TO prison systems. The PCC expanded aggressively into the Amazon after the 2016 rupture with CV, seeking control of cocaine transit routes from Peru, Colombia, and Bolivia."
2024,1200013,Acre,Acrelândia,CV,Comando Vermelho,All BLA states,0,1,"National faction originating from Rio de Janeiro's prison system (founded late 1970s). Decentralized governance that preserves local leadership structures, facilitating alliances with regional groups. After the 2016 conflict with PCC, CV allied with FDN to access the Solimões drug route and expanded rapidly through the Amazon prison system. Hegemonic in PA (Belém metro), AC, AM, and MA. Detected in 286 municipalities in 2025, present in all 9 states."
2024,1200054,Acre,Assis Brasil,CV,Comando Vermelho,All BLA states,0,1,"National faction originating from Rio de Janeiro's prison system (founded late 1970s). Decentralized governance that preserves local leadership structures, facilitating alliances with regional groups. After the 2016 conflict with PCC, CV allied with FDN to access the Solimões drug route and expanded rapidly through the Amazon prison system. Hegemonic in PA (Belém metro), AC, AM, and MA. Detected in 286 municipalities in 2025, present in all 9 states."
2024,1200104,Acre,Brasiléia,B13,Bonde dos 13,"AC, PA",1,0,"Local faction originating from Acre. Allied with PCC in the inter-state prison network connecting AC, AP, and PA throughout 2022–2024: the 2024 edition states 'B13 and PCC are allies in the state' of Acre. Present in 5 AC municipalities (Assis Brasil, Brasiléia, Epitaciolândia, Rio Branco, Sena Madureira) in 2025."
2024,1200104,Acre,Brasiléia,CV,Comando Vermelho,All BLA states,0,1,"National faction originating from Rio de Janeiro's prison system (founded late 1970s). Decentralized governance that preserves local leadership structures, facilitating alliances with regional groups. After the 2016 conflict with PCC, CV allied with FDN to access the Solimões drug route and expanded rapidly through the Amazon prison system. Hegemonic in PA (Belém metro), AC, AM, and MA. Detected in 286 municipalities in 2025, present in all 9 states."
2024,1200104,Acre,Brasiléia,PCC,Primeiro Comando da Capital,All BLA states,1,0,"National faction originating from São Paulo's prison system (founded 1993). Highly centralized hierarchy with leadership from SP/PR. Present in all 9 Amazonian states across all four editions. Detected in 90 municipalities in 2025, with hegemony in RO, RR, and TO prison systems. The PCC expanded aggressively into the Amazon after the 2016 rupture with CV, seeking control of cocaine transit routes from Peru, Colombia, and Bolivia."
2024,1200138,Acre,Bujari,CV,Comando Vermelho,All BLA states,0,1,"National faction originating from Rio de Janeiro's prison system (founded late 1970s). Decentralized governance that preserves local leadership structures, facilitating alliances with regional groups. After the 2016 conflict with PCC, CV allied with FDN to access the Solimões drug route and expanded rapidly through the Amazon prison system. Hegemonic in PA (Belém metro), AC, AM, and MA. Detected in 286 municipalities in 2025, present in all 9 states."
2024,1200179,Acre,Capixaba,CV,Comando Vermelho,All BLA states,0,1,"National faction originating from Rio de Janeiro's prison system (founded late 1970s). Decentralized governance that preserves local leadership structures, facilitating alliances with regional groups. After the 2016 conflict with PCC, CV allied with FDN to access the Solimões drug route and expanded rapidly through the Amazon prison system. Hegemonic in PA (Belém metro), AC, AM, and MA. Detected in 286 municipalities in 2025, present in all 9 states."
2024,1200203,Acre,Cruzeiro do Sul,CV,Comando Vermelho,All BLA states,0,1,"National faction originating from Rio de Janeiro's prison system (founded late 1970s). Decentralized governance that preserves local leadership structures, facilitating alliances with regional groups. After the 2016 conflict with PCC, CV allied with FDN to access the Solimões drug route and expanded rapidly through the Amazon prison system. Hegemonic in PA (Belém metro), AC, AM, and MA. Detected in 286 municipalities in 2025, present in all 9 states."
2024,1200252,Acre,Epitaciolândia,B13,Bonde dos 13,"AC, PA",1,0,"Local faction originating from Acre. Allied with PCC in the inter-state prison network connecting AC, AP, and PA throughout 2022–2024: the 2024 edition states 'B13 and PCC are allies in the state' of Acre. Present in 5 AC municipalities (Assis Brasil, Brasiléia, Epitaciolândia, Rio Branco, Sena Madureira) in 2025."
2024,1200252,Acre,Epitaciolândia,CV,Comando Vermelho,All BLA states,0,1,"National faction originating from Rio de Janeiro's prison system (founded late 1970s). Decentralized governance that preserves local leadership structures, facilitating alliances with regional groups. After the 2016 conflict with PCC, CV allied with FDN to access the Solimões drug route and expanded rapidly through the Amazon prison system. Hegemonic in PA (Belém metro), AC, AM, and MA. Detected in 286 municipalities in 2025, present in all 9 states."
2024,1200252,Acre,Epitaciolândia,PCC,Primeiro Comando da Capital,All BLA states,1,0,"National faction originating from São Paulo's prison system (founded 1993). Highly centralized hierarchy with leadership from SP/PR. Present in all 9 Amazonian states across all four editions. Detected in 90 municipalities in 2025, with hegemony in RO, RR, and TO prison systems. The PCC expanded aggressively into the Amazon after the 2016 rupture with CV, seeking control of cocaine transit routes from Peru, Colombia, and Bolivia."
2024,1200302,Acre,Feijó,CV,Comando Vermelho,All BLA states,0,1,"National faction originating from Rio de Janeiro's prison system (founded late 1970s). Decentralized governance that preserves local leadership structures, facilitating alliances with regional groups. After the 2016 conflict with PCC, CV allied with FDN to access the Solimões drug route and expanded rapidly through the Amazon prison system. Hegemonic in PA (Belém metro), AC, AM, and MA. Detected in 286 municipalities in 2025, present in all 9 states."
2024,1200328,Acre,Jordão,CV,Comando Vermelho,All BLA states,0,1,"National faction originating from Rio de Janeiro's prison system (founded late 1970s). Decentralized governance that preserves local leadership structures, facilitating alliances with regional groups. After the 2016 conflict with PCC, CV allied with FDN to access the Solimões drug route and expanded rapidly through the Amazon prison system. Hegemonic in PA (Belém metro), AC, AM, and MA. Detected in 286 municipalities in 2025, present in all 9 states."
2024,1200336,Acre,Mâncio Lima,CV,Comando Vermelho,All BLA states,0,1,"National faction originating from Rio de Janeiro's prison system (founded late 1970s). Decentralized governance that preserves local leadership structures, facilitating alliances with regional groups. After the 2016 conflict with PCC, CV allied with FDN to access the Solimões drug route and expanded rapidly through the Amazon prison system. Hegemonic in PA (Belém metro), AC, AM, and MA. Detected in 286 municipalities in 2025, present in all 9 states."
2024,1200344,Acre,Manoel Urbano,CV,Comando Vermelho,All BLA states,0,1,"National faction originating from Rio de Janeiro's prison system (founded late 1970s). Decentralized governance that preserves local leadership structures, facilitating alliances with regional groups. After the 2016 conflict with PCC, CV allied with FDN to access the Solimões drug route and expanded rapidly through the Amazon prison system. Hegemonic in PA (Belém metro), AC, AM, and MA. Detected in 286 municipalities in 2025, present in all 9 states."
2024,1200351,Acre,Marechal Thaumaturgo,CV,Comando Vermelho,All BLA states,0,1,"National faction originating from Rio de Janeiro's prison system (founded late 1970s). Decentralized governance that preserves local leadership structures, facilitating alliances with regional groups. After the 2016 conflict with PCC, CV allied with FDN to access the Solimões drug route and expanded rapidly through the Amazon prison system. Hegemonic in PA (Belém metro), AC, AM, and MA. Detected in 286 municipalities in 2025, present in all 9 states."
2024,1200385,Acre,Plácido de Castro,CV,Comando Vermelho,All BLA states,0,1,"National faction originating from Rio de Janeiro's prison system (founded late 1970s). Decentralized governance that preserves local leadership structures, facilitating alliances with regional groups. After the 2016 conflict with PCC, CV allied with FDN to access the Solimões drug route and expanded rapidly through the Amazon prison system. Hegemonic in PA (Belém metro), AC, AM, and MA. Detected in 286 municipalities in 2025, present in all 9 states."
2024,1200393,Acre,Porto Walter,CV,Comando Vermelho,All BLA states,0,1,"National faction originating from Rio de Janeiro's prison system (founded late 1970s). Decentralized governance that preserves local leadership structures, facilitating alliances with regional groups. After the 2016 conflict with PCC, CV allied with FDN to access the Solimões drug route and expanded rapidly through the Amazon prison system. Hegemonic in PA (Belém metro), AC, AM, and MA. Detected in 286 municipalities in 2025, present in all 9 states."
2024,1200401,Acre,Rio Branco,B13,Bonde dos 13,"AC, PA",1,0,"Local faction originating from Acre. Allied with PCC in the inter-state prison network connecting AC, AP, and PA throughout 2022–2024: the 2024 edition states 'B13 and PCC are allies in the state' of Acre. Present in 5 AC municipalities (Assis Brasil, Brasiléia, Epitaciolândia, Rio Branco, Sena Madureira) in 2025."
2024,1200401,Acre,Rio Branco,CV,Comando Vermelho,All BLA states,0,1,"National faction originating from Rio de Janeiro's prison system (founded late 1970s). Decentralized governance that preserves local leadership structures, facilitating alliances with regional groups. After the 2016 conflict with PCC, CV allied with FDN to access the Solimões drug route and expanded rapidly through the Amazon prison system. Hegemonic in PA (Belém metro), AC, AM, and MA. Detected in 286 municipalities in 2025, present in all 9 states."
2024,1200401,Acre,Rio Branco,PCC,Primeiro Comando da Capital,All BLA states,1,0,"National faction originating from São Paulo's prison system (founded 1993). Highly centralized hierarchy with leadership from SP/PR. Present in all 9 Amazonian states across all four editions. Detected in 90 municipalities in 2025, with hegemony in RO, RR, and TO prison systems. The PCC expanded aggressively into the Amazon after the 2016 rupture with CV, seeking control of cocaine transit routes from Peru, Colombia, and Bolivia."
2024,1200427,Acre,Rodrigues Alves,CV,Comando Vermelho,All BLA states,0,1,"National faction originating from Rio de Janeiro's prison system (founded late 1970s). Decentralized governance that preserves local leadership structures, facilitating alliances with regional groups. After the 2016 conflict with PCC, CV allied with FDN to access the Solimões drug route and expanded rapidly through the Amazon prison system. Hegemonic in PA (Belém metro), AC, AM, and MA. Detected in 286 municipalities in 2025, present in all 9 states."
2024,1200435,Acre,Santa Rosa do Purus,CV,Comando Vermelho,All BLA states,0,1,"National faction originating from Rio de Janeiro's prison system (founded late 1970s). Decentralized governance that preserves local leadership structures, facilitating alliances with regional groups. After the 2016 conflict with PCC, CV allied with FDN to access the Solimões drug route and expanded rapidly through the Amazon prison system. Hegemonic in PA (Belém metro), AC, AM, and MA. Detected in 286 municipalities in 2025, present in all 9 states."
2024,1200450,Acre,Senador Guiomard,B13,Bonde dos 13,"AC, PA",1,0,"Local faction originating from Acre. Allied with PCC in the inter-state prison network connecting AC, AP, and PA throughout 2022–2024: the 2024 edition states 'B13 and PCC are allies in the state' of Acre. Present in 5 AC municipalities (Assis Brasil, Brasiléia, Epitaciolândia, Rio Branco, Sena Madureira) in 2025."
2024,1200450,Acre,Senador Guiomard,CV,Comando Vermelho,All BLA states,0,1,"National faction originating from Rio de Janeiro's prison system (founded late 1970s). Decentralized governance that preserves local leadership structures, facilitating alliances with regional groups. After the 2016 conflict with PCC, CV allied with FDN to access the Solimões drug route and expanded rapidly through the Amazon prison system. Hegemonic in PA (Belém metro), AC, AM, and MA. Detected in 286 municipalities in 2025, present in all 9 states."
2024,1200450,Acre,Senador Guiomard,PCC,Primeiro Comando da Capital,All BLA states,1,0,"National faction originating from São Paulo's prison system (founded 1993). Highly centralized hierarchy with leadership from SP/PR. Present in all 9 Amazonian states across all four editions. Detected in 90 municipalities in 2025, with hegemony in RO, RR, and TO prison systems. The PCC expanded aggressively into the Amazon after the 2016 rupture with CV, seeking control of cocaine transit routes from Peru, Colombia, and Bolivia."
2024,1200500,Acre,Sena Madureira,B13,Bonde dos 13,"AC, PA",1,0,"Local faction originating from Acre. Allied with PCC in the inter-state prison network connecting AC, AP, and PA throughout 2022–2024: the 2024 edition states 'B13 and PCC are allies in the state' of Acre. Present in 5 AC municipalities (Assis Brasil, Brasiléia, Epitaciolândia, Rio Branco, Sena Madureira) in 2025."
2024,1200500,Acre,Sena Madureira,CV,Comando Vermelho,All BLA states,0,1,"National faction originating from Rio de Janeiro's prison system (founded late 1970s). Decentralized governance that preserves local leadership structures, facilitating alliances with regional groups. After the 2016 conflict with PCC, CV allied with FDN to access the Solimões drug route and expanded rapidly through the Amazon prison system. Hegemonic in PA (Belém metro), AC, AM, and MA. Detected in 286 municipalities in 2025, present in all 9 states."
2024,1200500,Acre,Sena Madureira,PCC,Primeiro Comando da Capital,All BLA states,1,0,"National faction originating from São Paulo's prison system (founded 1993). Highly centralized hierarchy with leadership from SP/PR. Present in all 9 Amazonian states across all four editions. Detected in 90 municipalities in 2025, with hegemony in RO, RR, and TO prison systems. The PCC expanded aggressively into the Amazon after the 2016 rupture with CV, seeking control of cocaine transit routes from Peru, Colombia, and Bolivia."
2024,1200609,Acre,Tarauacá,CV,Comando Vermelho,All BLA states,0,1,"National faction originating from Rio de Janeiro's prison system (founded late 1970s). Decentralized governance that preserves local leadership structures, facilitating alliances with regional groups. After the 2016 conflict with PCC, CV allied with FDN to access the Solimões drug route and expanded rapidly through the Amazon prison system. Hegemonic in PA (Belém metro), AC, AM, and MA. Detected in 286 municipalities in 2025, present in all 9 states."
2024,1200708,Acre,Xapuri,CV,Comando Vermelho,All BLA states,0,1,"National faction originating from Rio de Janeiro's prison system (founded late 1970s). Decentralized governance that preserves local leadership structures, facilitating alliances with regional groups. After the 2016 conflict with PCC, CV allied with FDN to access the Solimões drug route and expanded rapidly through the Amazon prison system. Hegemonic in PA (Belém metro), AC, AM, and MA. Detected in 286 municipalities in 2025, present in all 9 states."
2024,1200807,Acre,Porto Acre,CV,Comando Vermelho,All BLA states,0,1,"National faction originating from Rio de Janeiro's prison system (founded late 1970s). Decentralized governance that preserves local leadership structures, facilitating alliances with regional groups. After the 2016 conflict with PCC, CV allied with FDN to access the Solimões drug route and expanded rapidly through the Amazon prison system. Hegemonic in PA (Belém metro), AC, AM, and MA. Detected in 286 municipalities in 2025, present in all 9 states."
2024,1300086,Amazonas,Amanã,CV,Comando Vermelho,All BLA states,0,1,"National faction originating from Rio de Janeiro's prison system (founded late 1970s). Decentralized governance that preserves local leadership structures, facilitating alliances with regional groups. After the 2016 conflict with PCC, CV allied with FDN to access the Solimões drug route and expanded rapidly through the Amazon prison system. Hegemonic in PA (Belém metro), AC, AM, and MA. Detected in 286 municipalities in 2025, present in all 9 states."
2024,1300409,Amazonas,Barcelos,Piratas Solimões,Piratas dos Solimões,AM,0,0,"River-based criminal group operating along the Solimões river corridor, particularly around Coari and Tefé (AM). Originated from the 'Família do Coari' mentioned in 2022. Intercepts drug shipments transported by river. Appears alongside PCC in Coari and Tefé in 2023, but operates opportunistically rather than as a stable ally — their modus operandi (hijacking cargo) is parasitic on whoever controls the route. Present in 3 municipalities."
2024,1300607,Amazonas,Benjamin Constant,CV,Comando Vermelho,All BLA states,0,1,"National faction originating from Rio de Janeiro's prison system (founded late 1970s). Decentralized governance that preserves local leadership structures, facilitating alliances with regional groups. After the 2016 conflict with PCC, CV allied with FDN to access the Solimões drug route and expanded rapidly through the Amazon prison system. Hegemonic in PA (Belém metro), AC, AM, and MA. Detected in 286 municipalities in 2025, present in all 9 states."
2024,1301209,Amazonas,Coari,CV,Comando Vermelho,All BLA states,0,1,"National faction originating from Rio de Janeiro's prison system (founded late 1970s). Decentralized governance that preserves local leadership structures, facilitating alliances with regional groups. After the 2016 conflict with PCC, CV allied with FDN to access the Solimões drug route and expanded rapidly through the Amazon prison system. Hegemonic in PA (Belém metro), AC, AM, and MA. Detected in 286 municipalities in 2025, present in all 9 states."
2024,1301209,Amazonas,Coari,Piratas Solimões,Piratas dos Solimões,AM,0,0,"River-based criminal group operating along the Solimões river corridor, particularly around Coari and Tefé (AM). Originated from the 'Família do Coari' mentioned in 2022. Intercepts drug shipments transported by river. Appears alongside PCC in Coari and Tefé in 2023, but operates opportunistically rather than as a stable ally — their modus operandi (hijacking cargo) is parasitic on whoever controls the route. Present in 3 municipalities."
2024,1301308,Amazonas,Codajás,Piratas Solimões,Piratas dos Solimões,AM,0,0,"River-based criminal group operating along the Solimões river corridor, particularly around Coari and Tefé (AM). Originated from the 'Família do Coari' mentioned in 2022. Intercepts drug shipments transported by river. Appears alongside PCC in Coari and Tefé in 2023, but operates opportunistically rather than as a stable ally — their modus operandi (hijacking cargo) is parasitic on whoever controls the route. Present in 3 municipalities."
2024,1301654,Amazonas,Guajará,CV,Comando Vermelho,All BLA states,0,1,"National faction originating from Rio de Janeiro's prison system (founded late 1970s). Decentralized governance that preserves local leadership structures, facilitating alliances with regional groups. After the 2016 conflict with PCC, CV allied with FDN to access the Solimões drug route and expanded rapidly through the Amazon prison system. Hegemonic in PA (Belém metro), AC, AM, and MA. Detected in 286 municipalities in 2025, present in all 9 states."
2024,1301852,Amazonas,Iranduba,CV,Comando Vermelho,All BLA states,0,1,"National faction originating from Rio de Janeiro's prison system (founded late 1970s). Decentralized governance that preserves local leadership structures, facilitating alliances with regional groups. After the 2016 conflict with PCC, CV allied with FDN to access the Solimões drug route and expanded rapidly through the Amazon prison system. Hegemonic in PA (Belém metro), AC, AM, and MA. Detected in 286 municipalities in 2025, present in all 9 states."
2024,1301902,Amazonas,Itacoatiara,CV,Comando Vermelho,All BLA states,0,1,"National faction originating from Rio de Janeiro's prison system (founded late 1970s). Decentralized governance that preserves local leadership structures, facilitating alliances with regional groups. After the 2016 conflict with PCC, CV allied with FDN to access the Solimões drug route and expanded rapidly through the Amazon prison system. Hegemonic in PA (Belém metro), AC, AM, and MA. Detected in 286 municipalities in 2025, present in all 9 states."
2024,1302108,Amazonas,Japurá,CV,Comando Vermelho,All BLA states,0,1,"National faction originating from Rio de Janeiro's prison system (founded late 1970s). Decentralized governance that preserves local leadership structures, facilitating alliances with regional groups. After the 2016 conflict with PCC, CV allied with FDN to access the Solimões drug route and expanded rapidly through the Amazon prison system. Hegemonic in PA (Belém metro), AC, AM, and MA. Detected in 286 municipalities in 2025, present in all 9 states."
2024,1302108,Amazonas,Japurá,EMC,Estado Mayor Central (FARC dissidence),AM,0,0,"Colombian FARC dissidence (Estado Mayor Central). Operates in the AM-Colombia border, specifically in Japurá. Listed among active factions in 2025. Autonomous transnational actor cooperating with CV on the Japurá river route but maintaining independent command structure."
2024,1302306,Amazonas,Jutaí,CV,Comando Vermelho,All BLA states,0,1,"National faction originating from Rio de Janeiro's prison system (founded late 1970s). Decentralized governance that preserves local leadership structures, facilitating alliances with regional groups. After the 2016 conflict with PCC, CV allied with FDN to access the Solimões drug route and expanded rapidly through the Amazon prison system. Hegemonic in PA (Belém metro), AC, AM, and MA. Detected in 286 municipalities in 2025, present in all 9 states."
2024,1302306,Amazonas,Jutaí,Piratas Solimões,Piratas dos Solimões,AM,0,0,"River-based criminal group operating along the Solimões river corridor, particularly around Coari and Tefé (AM). Originated from the 'Família do Coari' mentioned in 2022. Intercepts drug shipments transported by river. Appears alongside PCC in Coari and Tefé in 2023, but operates opportunistically rather than as a stable ally — their modus operandi (hijacking cargo) is parasitic on whoever controls the route. Present in 3 municipalities."
2024,1302504,Amazonas,Manacapuru,CV,Comando Vermelho,All BLA states,0,1,"National faction originating from Rio de Janeiro's prison system (founded late 1970s). Decentralized governance that preserves local leadership structures, facilitating alliances with regional groups. After the 2016 conflict with PCC, CV allied with FDN to access the Solimões drug route and expanded rapidly through the Amazon prison system. Hegemonic in PA (Belém metro), AC, AM, and MA. Detected in 286 municipalities in 2025, present in all 9 states."
2024,1302504,Amazonas,Manacapuru,Piratas Solimões,Piratas dos Solimões,AM,0,0,"River-based criminal group operating along the Solimões river corridor, particularly around Coari and Tefé (AM). Originated from the 'Família do Coari' mentioned in 2022. Intercepts drug shipments transported by river. Appears alongside PCC in Coari and Tefé in 2023, but operates opportunistically rather than as a stable ally — their modus operandi (hijacking cargo) is parasitic on whoever controls the route. Present in 3 municipalities."
2024,1302603,Amazonas,Manaus,CV,Comando Vermelho,All BLA states,0,1,"National faction originating from Rio de Janeiro's prison system (founded late 1970s). Decentralized governance that preserves local leadership structures, facilitating alliances with regional groups. After the 2016 conflict with PCC, CV allied with FDN to access the Solimões drug route and expanded rapidly through the Amazon prison system. Hegemonic in PA (Belém metro), AC, AM, and MA. Detected in 286 municipalities in 2025, present in all 9 states."
2024,1302603,Amazonas,Manaus,PCC,Primeiro Comando da Capital,All BLA states,1,0,"National faction originating from São Paulo's prison system (founded 1993). Highly centralized hierarchy with leadership from SP/PR. Present in all 9 Amazonian states across all four editions. Detected in 90 municipalities in 2025, with hegemony in RO, RR, and TO prison systems. The PCC expanded aggressively into the Amazon after the 2016 rupture with CV, seeking control of cocaine transit routes from Peru, Colombia, and Bolivia."
2024,1302900,Amazonas,Maués,CV,Comando Vermelho,All BLA states,0,1,"National faction originating from Rio de Janeiro's prison system (founded late 1970s). Decentralized governance that preserves local leadership structures, facilitating alliances with regional groups. After the 2016 conflict with PCC, CV allied with FDN to access the Solimões drug route and expanded rapidly through the Amazon prison system. Hegemonic in PA (Belém metro), AC, AM, and MA. Detected in 286 municipalities in 2025, present in all 9 states."
2024,1303403,Amazonas,Parintins,CV,Comando Vermelho,All BLA states,0,1,"National faction originating from Rio de Janeiro's prison system (founded late 1970s). Decentralized governance that preserves local leadership structures, facilitating alliances with regional groups. After the 2016 conflict with PCC, CV allied with FDN to access the Solimões drug route and expanded rapidly through the Amazon prison system. Hegemonic in PA (Belém metro), AC, AM, and MA. Detected in 286 municipalities in 2025, present in all 9 states."
2024,1303569,Amazonas,Rio Preto da Eva,CV,Comando Vermelho,All BLA states,0,1,"National faction originating from Rio de Janeiro's prison system (founded late 1970s). Decentralized governance that preserves local leadership structures, facilitating alliances with regional groups. After the 2016 conflict with PCC, CV allied with FDN to access the Solimões drug route and expanded rapidly through the Amazon prison system. Hegemonic in PA (Belém metro), AC, AM, and MA. Detected in 286 municipalities in 2025, present in all 9 states."
2024,1303700,Amazonas,Santo Antônio do Içá,CV,Comando Vermelho,All BLA states,0,1,"National faction originating from Rio de Janeiro's prison system (founded late 1970s). Decentralized governance that preserves local leadership structures, facilitating alliances with regional groups. After the 2016 conflict with PCC, CV allied with FDN to access the Solimões drug route and expanded rapidly through the Amazon prison system. Hegemonic in PA (Belém metro), AC, AM, and MA. Detected in 286 municipalities in 2025, present in all 9 states."
2024,1303700,Amazonas,Santo Antônio do Içá,PCC,Primeiro Comando da Capital,All BLA states,1,0,"National faction originating from São Paulo's prison system (founded 1993). Highly centralized hierarchy with leadership from SP/PR. Present in all 9 Amazonian states across all four editions. Detected in 90 municipalities in 2025, with hegemony in RO, RR, and TO prison systems. The PCC expanded aggressively into the Amazon after the 2016 rupture with CV, seeking control of cocaine transit routes from Peru, Colombia, and Bolivia."
2024,1303809,Amazonas,São Gabriel da Cachoeira,Acácio Medina,Ex-FARC Acácio Medina,AM,0,0,"Colombian FARC dissidence that operates in the AM-Colombia border area, specifically around São Gabriel da Cachoeira. Listed among 17 active factions in 2025. Autonomous transnational actor."
2024,1303809,Amazonas,São Gabriel da Cachoeira,CV,Comando Vermelho,All BLA states,0,1,"National faction originating from Rio de Janeiro's prison system (founded late 1970s). Decentralized governance that preserves local leadership structures, facilitating alliances with regional groups. After the 2016 conflict with PCC, CV allied with FDN to access the Solimões drug route and expanded rapidly through the Amazon prison system. Hegemonic in PA (Belém metro), AC, AM, and MA. Detected in 286 municipalities in 2025, present in all 9 states."
2024,1303908,Amazonas,São Paulo da Olivença,CV,Comando Vermelho,All BLA states,0,1,"National faction originating from Rio de Janeiro's prison system (founded late 1970s). Decentralized governance that preserves local leadership structures, facilitating alliances with regional groups. After the 2016 conflict with PCC, CV allied with FDN to access the Solimões drug route and expanded rapidly through the Amazon prison system. Hegemonic in PA (Belém metro), AC, AM, and MA. Detected in 286 municipalities in 2025, present in all 9 states."
2024,1303908,Amazonas,São Paulo da Olivença,PCC,Primeiro Comando da Capital,All BLA states,1,0,"National faction originating from São Paulo's prison system (founded 1993). Highly centralized hierarchy with leadership from SP/PR. Present in all 9 Amazonian states across all four editions. Detected in 90 municipalities in 2025, with hegemony in RO, RR, and TO prison systems. The PCC expanded aggressively into the Amazon after the 2016 rupture with CV, seeking control of cocaine transit routes from Peru, Colombia, and Bolivia."
2024,1304062,Amazonas,Tabatinga,CV,Comando Vermelho,All BLA states,0,1,"National faction originating from Rio de Janeiro's prison system (founded late 1970s). Decentralized governance that preserves local leadership structures, facilitating alliances with regional groups. After the 2016 conflict with PCC, CV allied with FDN to access the Solimões drug route and expanded rapidly through the Amazon prison system. Hegemonic in PA (Belém metro), AC, AM, and MA. Detected in 286 municipalities in 2025, present in all 9 states."
2024,1304203,Amazonas,Tefé,Piratas Solimões,Piratas dos Solimões,AM,0,0,"River-based criminal group operating along the Solimões river corridor, particularly around Coari and Tefé (AM). Originated from the 'Família do Coari' mentioned in 2022. Intercepts drug shipments transported by river. Appears alongside PCC in Coari and Tefé in 2023, but operates opportunistically rather than as a stable ally — their modus operandi (hijacking cargo) is parasitic on whoever controls the route. Present in 3 municipalities."
2024,1304237,Amazonas,Tonantins,CV,Comando Vermelho,All BLA states,0,1,"National faction originating from Rio de Janeiro's prison system (founded late 1970s). Decentralized governance that preserves local leadership structures, facilitating alliances with regional groups. After the 2016 conflict with PCC, CV allied with FDN to access the Solimões drug route and expanded rapidly through the Amazon prison system. Hegemonic in PA (Belém metro), AC, AM, and MA. Detected in 286 municipalities in 2025, present in all 9 states."
2024,1400027,Roraima,Amajari,PCC,Primeiro Comando da Capital,All BLA states,1,0,"National faction originating from São Paulo's prison system (founded 1993). Highly centralized hierarchy with leadership from SP/PR. Present in all 9 Amazonian states across all four editions. Detected in 90 municipalities in 2025, with hegemony in RO, RR, and TO prison systems. The PCC expanded aggressively into the Amazon after the 2016 rupture with CV, seeking control of cocaine transit routes from Peru, Colombia, and Bolivia."
2024,1400050,Roraima,Alto Alegre,CV,Comando Vermelho,All BLA states,0,1,"National faction originating from Rio de Janeiro's prison system (founded late 1970s). Decentralized governance that preserves local leadership structures, facilitating alliances with regional groups. After the 2016 conflict with PCC, CV allied with FDN to access the Solimões drug route and expanded rapidly through the Amazon prison system. Hegemonic in PA (Belém metro), AC, AM, and MA. Detected in 286 municipalities in 2025, present in all 9 states."
2024,1400100,Roraima,Boa Vista,PCC,Primeiro Comando da Capital,All BLA states,1,0,"National faction originating from São Paulo's prison system (founded 1993). Highly centralized hierarchy with leadership from SP/PR. Present in all 9 Amazonian states across all four editions. Detected in 90 municipalities in 2025, with hegemony in RO, RR, and TO prison systems. The PCC expanded aggressively into the Amazon after the 2016 rupture with CV, seeking control of cocaine transit routes from Peru, Colombia, and Bolivia."
2024,1400100,Roraima,Boa Vista,Trem Araguá,Trem de Araguá,"RR, RO",0,0,"Venezuelan criminal organization with origins in Aragua state (Venezuela). Operates in Roraima border areas. Detected in Boa Vista and Pacaraima (RR). Operates with autonomous Venezuelan criminal logic (arms trafficking, mining). Listed among active factions in 2025."
2024,1400159,Roraima,Bonfim,CV,Comando Vermelho,All BLA states,0,1,"National faction originating from Rio de Janeiro's prison system (founded late 1970s). Decentralized governance that preserves local leadership structures, facilitating alliances with regional groups. After the 2016 conflict with PCC, CV allied with FDN to access the Solimões drug route and expanded rapidly through the Amazon prison system. Hegemonic in PA (Belém metro), AC, AM, and MA. Detected in 286 municipalities in 2025, present in all 9 states."
2024,1400159,Roraima,Bonfim,PCC,Primeiro Comando da Capital,All BLA states,1,0,"National faction originating from São Paulo's prison system (founded 1993). Highly centralized hierarchy with leadership from SP/PR. Present in all 9 Amazonian states across all four editions. Detected in 90 municipalities in 2025, with hegemony in RO, RR, and TO prison systems. The PCC expanded aggressively into the Amazon after the 2016 rupture with CV, seeking control of cocaine transit routes from Peru, Colombia, and Bolivia."
2024,1400175,Roraima,Cantá,PCC,Primeiro Comando da Capital,All BLA states,1,0,"National faction originating from São Paulo's prison system (founded 1993). Highly centralized hierarchy with leadership from SP/PR. Present in all 9 Amazonian states across all four editions. Detected in 90 municipalities in 2025, with hegemony in RO, RR, and TO prison systems. The PCC expanded aggressively into the Amazon after the 2016 rupture with CV, seeking control of cocaine transit routes from Peru, Colombia, and Bolivia."
2024,1400209,Roraima,Caracaraí,CV,Comando Vermelho,All BLA states,0,1,"National faction originating from Rio de Janeiro's prison system (founded late 1970s). Decentralized governance that preserves local leadership structures, facilitating alliances with regional groups. After the 2016 conflict with PCC, CV allied with FDN to access the Solimões drug route and expanded rapidly through the Amazon prison system. Hegemonic in PA (Belém metro), AC, AM, and MA. Detected in 286 municipalities in 2025, present in all 9 states."
2024,1400209,Roraima,Caracaraí,PCC,Primeiro Comando da Capital,All BLA states,1,0,"National faction originating from São Paulo's prison system (founded 1993). Highly centralized hierarchy with leadership from SP/PR. Present in all 9 Amazonian states across all four editions. Detected in 90 municipalities in 2025, with hegemony in RO, RR, and TO prison systems. The PCC expanded aggressively into the Amazon after the 2016 rupture with CV, seeking control of cocaine transit routes from Peru, Colombia, and Bolivia."
2024,1400233,Roraima,Caroebe,PCC,Primeiro Comando da Capital,All BLA states,1,0,"National faction originating from São Paulo's prison system (founded 1993). Highly centralized hierarchy with leadership from SP/PR. Present in all 9 Amazonian states across all four editions. Detected in 90 municipalities in 2025, with hegemony in RO, RR, and TO prison systems. The PCC expanded aggressively into the Amazon after the 2016 rupture with CV, seeking control of cocaine transit routes from Peru, Colombia, and Bolivia."
2024,1400282,Roraima,Iracema,CV,Comando Vermelho,All BLA states,0,1,"National faction originating from Rio de Janeiro's prison system (founded late 1970s). Decentralized governance that preserves local leadership structures, facilitating alliances with regional groups. After the 2016 conflict with PCC, CV allied with FDN to access the Solimões drug route and expanded rapidly through the Amazon prison system. Hegemonic in PA (Belém metro), AC, AM, and MA. Detected in 286 municipalities in 2025, present in all 9 states."
2024,1400282,Roraima,Iracema,PCC,Primeiro Comando da Capital,All BLA states,1,0,"National faction originating from São Paulo's prison system (founded 1993). Highly centralized hierarchy with leadership from SP/PR. Present in all 9 Amazonian states across all four editions. Detected in 90 municipalities in 2025, with hegemony in RO, RR, and TO prison systems. The PCC expanded aggressively into the Amazon after the 2016 rupture with CV, seeking control of cocaine transit routes from Peru, Colombia, and Bolivia."
2024,1400308,Roraima,Mucajaí,CV,Comando Vermelho,All BLA states,0,1,"National faction originating from Rio de Janeiro's prison system (founded late 1970s). Decentralized governance that preserves local leadership structures, facilitating alliances with regional groups. After the 2016 conflict with PCC, CV allied with FDN to access the Solimões drug route and expanded rapidly through the Amazon prison system. Hegemonic in PA (Belém metro), AC, AM, and MA. Detected in 286 municipalities in 2025, present in all 9 states."
2024,1400308,Roraima,Mucajaí,PCC,Primeiro Comando da Capital,All BLA states,1,0,"National faction originating from São Paulo's prison system (founded 1993). Highly centralized hierarchy with leadership from SP/PR. Present in all 9 Amazonian states across all four editions. Detected in 90 municipalities in 2025, with hegemony in RO, RR, and TO prison systems. The PCC expanded aggressively into the Amazon after the 2016 rupture with CV, seeking control of cocaine transit routes from Peru, Colombia, and Bolivia."
2024,1400407,Roraima,Normandia,PCC,Primeiro Comando da Capital,All BLA states,1,0,"National faction originating from São Paulo's prison system (founded 1993). Highly centralized hierarchy with leadership from SP/PR. Present in all 9 Amazonian states across all four editions. Detected in 90 municipalities in 2025, with hegemony in RO, RR, and TO prison systems. The PCC expanded aggressively into the Amazon after the 2016 rupture with CV, seeking control of cocaine transit routes from Peru, Colombia, and Bolivia."
2024,1400456,Roraima,Pacaraima,CV,Comando Vermelho,All BLA states,0,1,"National faction originating from Rio de Janeiro's prison system (founded late 1970s). Decentralized governance that preserves local leadership structures, facilitating alliances with regional groups. After the 2016 conflict with PCC, CV allied with FDN to access the Solimões drug route and expanded rapidly through the Amazon prison system. Hegemonic in PA (Belém metro), AC, AM, and MA. Detected in 286 municipalities in 2025, present in all 9 states."
2024,1400456,Roraima,Pacaraima,PCC,Primeiro Comando da Capital,All BLA states,1,0,"National faction originating from São Paulo's prison system (founded 1993). Highly centralized hierarchy with leadership from SP/PR. Present in all 9 Amazonian states across all four editions. Detected in 90 municipalities in 2025, with hegemony in RO, RR, and TO prison systems. The PCC expanded aggressively into the Amazon after the 2016 rupture with CV, seeking control of cocaine transit routes from Peru, Colombia, and Bolivia."
2024,1400456,Roraima,Pacaraima,Trem Araguá,Trem de Araguá,"RR, RO",0,0,"Venezuelan criminal organization with origins in Aragua state (Venezuela). Operates in Roraima border areas. Detected in Boa Vista and Pacaraima (RR). Operates with autonomous Venezuelan criminal logic (arms trafficking, mining). Listed among active factions in 2025."
2024,1400472,Roraima,Rorainópolis,CV,Comando Vermelho,All BLA states,0,1,"National faction originating from Rio de Janeiro's prison system (founded late 1970s). Decentralized governance that preserves local leadership structures, facilitating alliances with regional groups. After the 2016 conflict with PCC, CV allied with FDN to access the Solimões drug route and expanded rapidly through the Amazon prison system. Hegemonic in PA (Belém metro), AC, AM, and MA. Detected in 286 municipalities in 2025, present in all 9 states."
2024,1400472,Roraima,Rorainópolis,PCC,Primeiro Comando da Capital,All BLA states,1,0,"National faction originating from São Paulo's prison system (founded 1993). Highly centralized hierarchy with leadership from SP/PR. Present in all 9 Amazonian states across all four editions. Detected in 90 municipalities in 2025, with hegemony in RO, RR, and TO prison systems. The PCC expanded aggressively into the Amazon after the 2016 rupture with CV, seeking control of cocaine transit routes from Peru, Colombia, and Bolivia."
2024,1400506,Roraima,São João da Baliza,PCC,Primeiro Comando da Capital,All BLA states,1,0,"National faction originating from São Paulo's prison system (founded 1993). Highly centralized hierarchy with leadership from SP/PR. Present in all 9 Amazonian states across all four editions. Detected in 90 municipalities in 2025, with hegemony in RO, RR, and TO prison systems. The PCC expanded aggressively into the Amazon after the 2016 rupture with CV, seeking control of cocaine transit routes from Peru, Colombia, and Bolivia."
2024,1400605,Roraima,São Luiz,PCC,Primeiro Comando da Capital,All BLA states,1,0,"National faction originating from São Paulo's prison system (founded 1993). Highly centralized hierarchy with leadership from SP/PR. Present in all 9 Amazonian states across all four editions. Detected in 90 municipalities in 2025, with hegemony in RO, RR, and TO prison systems. The PCC expanded aggressively into the Amazon after the 2016 rupture with CV, seeking control of cocaine transit routes from Peru, Colombia, and Bolivia."
2024,1500107,Pará,Abaetetuba,CV,Comando Vermelho,All BLA states,0,1,"National faction originating from Rio de Janeiro's prison system (founded late 1970s). Decentralized governance that preserves local leadership structures, facilitating alliances with regional groups. After the 2016 conflict with PCC, CV allied with FDN to access the Solimões drug route and expanded rapidly through the Amazon prison system. Hegemonic in PA (Belém metro), AC, AM, and MA. Detected in 286 municipalities in 2025, present in all 9 states."
2024,1500206,Pará,Acará,CV,Comando Vermelho,All BLA states,0,1,"National faction originating from Rio de Janeiro's prison system (founded late 1970s). Decentralized governance that preserves local leadership structures, facilitating alliances with regional groups. After the 2016 conflict with PCC, CV allied with FDN to access the Solimões drug route and expanded rapidly through the Amazon prison system. Hegemonic in PA (Belém metro), AC, AM, and MA. Detected in 286 municipalities in 2025, present in all 9 states."
2024,1500305,Pará,Afuá,CV,Comando Vermelho,All BLA states,0,1,"National faction originating from Rio de Janeiro's prison system (founded late 1970s). Decentralized governance that preserves local leadership structures, facilitating alliances with regional groups. After the 2016 conflict with PCC, CV allied with FDN to access the Solimões drug route and expanded rapidly through the Amazon prison system. Hegemonic in PA (Belém metro), AC, AM, and MA. Detected in 286 municipalities in 2025, present in all 9 states."
2024,1500305,Pará,Afuá,FTA,Família Terror do Amapá,"AP, PA",1,0,"Local faction from Amapá, one of two main AP groups alongside UCA. When PCC and CV arrived in AP in 2022, PCC allied with FTA (2023). FTA also operates in PA municipalities near the AP border (Afuá, Chaves, Senador José Porfírio) due to geographic proximity. Present in 8 municipalities in 2025, controlling 2 border municipalities."
2024,1500347,Pará,Água Azul do Norte,PCC,Primeiro Comando da Capital,All BLA states,1,0,"National faction originating from São Paulo's prison system (founded 1993). Highly centralized hierarchy with leadership from SP/PR. Present in all 9 Amazonian states across all four editions. Detected in 90 municipalities in 2025, with hegemony in RO, RR, and TO prison systems. The PCC expanded aggressively into the Amazon after the 2016 rupture with CV, seeking control of cocaine transit routes from Peru, Colombia, and Bolivia."
2024,1500404,Pará,Alenquer,CV,Comando Vermelho,All BLA states,0,1,"National faction originating from Rio de Janeiro's prison system (founded late 1970s). Decentralized governance that preserves local leadership structures, facilitating alliances with regional groups. After the 2016 conflict with PCC, CV allied with FDN to access the Solimões drug route and expanded rapidly through the Amazon prison system. Hegemonic in PA (Belém metro), AC, AM, and MA. Detected in 286 municipalities in 2025, present in all 9 states."
2024,1500503,Pará,Almeirim,CV,Comando Vermelho,All BLA states,0,1,"National faction originating from Rio de Janeiro's prison system (founded late 1970s). Decentralized governance that preserves local leadership structures, facilitating alliances with regional groups. After the 2016 conflict with PCC, CV allied with FDN to access the Solimões drug route and expanded rapidly through the Amazon prison system. Hegemonic in PA (Belém metro), AC, AM, and MA. Detected in 286 municipalities in 2025, present in all 9 states."
2024,1500602,Pará,Altamira,CCA,Comando Classe A,PA,1,0,"Originated in 2018 in the prison system of Altamira (PA), among inmates who refused initiation ('batismo') by CV. Explicitly described as a 'political arm of the PCC'. The CCA's founding triggered a war with CV in 2019, culminating in the massacre of 54 inmates. Present in 4 municipalities in 2025."
2024,1500602,Pará,Altamira,CV,Comando Vermelho,All BLA states,0,1,"National faction originating from Rio de Janeiro's prison system (founded late 1970s). Decentralized governance that preserves local leadership structures, facilitating alliances with regional groups. After the 2016 conflict with PCC, CV allied with FDN to access the Solimões drug route and expanded rapidly through the Amazon prison system. Hegemonic in PA (Belém metro), AC, AM, and MA. Detected in 286 municipalities in 2025, present in all 9 states."
2024,1500701,Pará,Anajás,CV,Comando Vermelho,All BLA states,0,1,"National faction originating from Rio de Janeiro's prison system (founded late 1970s). Decentralized governance that preserves local leadership structures, facilitating alliances with regional groups. After the 2016 conflict with PCC, CV allied with FDN to access the Solimões drug route and expanded rapidly through the Amazon prison system. Hegemonic in PA (Belém metro), AC, AM, and MA. Detected in 286 municipalities in 2025, present in all 9 states."
2024,1500800,Pará,Ananindeua,CV,Comando Vermelho,All BLA states,0,1,"National faction originating from Rio de Janeiro's prison system (founded late 1970s). Decentralized governance that preserves local leadership structures, facilitating alliances with regional groups. After the 2016 conflict with PCC, CV allied with FDN to access the Solimões drug route and expanded rapidly through the Amazon prison system. Hegemonic in PA (Belém metro), AC, AM, and MA. Detected in 286 municipalities in 2025, present in all 9 states."
2024,1500909,Pará,Augusto Correa,CV,Comando Vermelho,All BLA states,0,1,"National faction originating from Rio de Janeiro's prison system (founded late 1970s). Decentralized governance that preserves local leadership structures, facilitating alliances with regional groups. After the 2016 conflict with PCC, CV allied with FDN to access the Solimões drug route and expanded rapidly through the Amazon prison system. Hegemonic in PA (Belém metro), AC, AM, and MA. Detected in 286 municipalities in 2025, present in all 9 states."
2024,1500958,Pará,Aurora do Pará,CV,Comando Vermelho,All BLA states,0,1,"National faction originating from Rio de Janeiro's prison system (founded late 1970s). Decentralized governance that preserves local leadership structures, facilitating alliances with regional groups. After the 2016 conflict with PCC, CV allied with FDN to access the Solimões drug route and expanded rapidly through the Amazon prison system. Hegemonic in PA (Belém metro), AC, AM, and MA. Detected in 286 municipalities in 2025, present in all 9 states."
2024,1501204,Pará,Baião,CV,Comando Vermelho,All BLA states,0,1,"National faction originating from Rio de Janeiro's prison system (founded late 1970s). Decentralized governance that preserves local leadership structures, facilitating alliances with regional groups. After the 2016 conflict with PCC, CV allied with FDN to access the Solimões drug route and expanded rapidly through the Amazon prison system. Hegemonic in PA (Belém metro), AC, AM, and MA. Detected in 286 municipalities in 2025, present in all 9 states."
2024,1501303,Pará,Barcarena,CV,Comando Vermelho,All BLA states,0,1,"National faction originating from Rio de Janeiro's prison system (founded late 1970s). Decentralized governance that preserves local leadership structures, facilitating alliances with regional groups. After the 2016 conflict with PCC, CV allied with FDN to access the Solimões drug route and expanded rapidly through the Amazon prison system. Hegemonic in PA (Belém metro), AC, AM, and MA. Detected in 286 municipalities in 2025, present in all 9 states."
2024,1501402,Pará,Belém,CV,Comando Vermelho,All BLA states,0,1,"National faction originating from Rio de Janeiro's prison system (founded late 1970s). Decentralized governance that preserves local leadership structures, facilitating alliances with regional groups. After the 2016 conflict with PCC, CV allied with FDN to access the Solimões drug route and expanded rapidly through the Amazon prison system. Hegemonic in PA (Belém metro), AC, AM, and MA. Detected in 286 municipalities in 2025, present in all 9 states."
2024,1501501,Pará,Benevides,CV,Comando Vermelho,All BLA states,0,1,"National faction originating from Rio de Janeiro's prison system (founded late 1970s). Decentralized governance that preserves local leadership structures, facilitating alliances with regional groups. After the 2016 conflict with PCC, CV allied with FDN to access the Solimões drug route and expanded rapidly through the Amazon prison system. Hegemonic in PA (Belém metro), AC, AM, and MA. Detected in 286 municipalities in 2025, present in all 9 states."
2024,1501709,Pará,Bragança,CV,Comando Vermelho,All BLA states,0,1,"National faction originating from Rio de Janeiro's prison system (founded late 1970s). Decentralized governance that preserves local leadership structures, facilitating alliances with regional groups. After the 2016 conflict with PCC, CV allied with FDN to access the Solimões drug route and expanded rapidly through the Amazon prison system. Hegemonic in PA (Belém metro), AC, AM, and MA. Detected in 286 municipalities in 2025, present in all 9 states."
2024,1501808,Pará,Breves,CV,Comando Vermelho,All BLA states,0,1,"National faction originating from Rio de Janeiro's prison system (founded late 1970s). Decentralized governance that preserves local leadership structures, facilitating alliances with regional groups. After the 2016 conflict with PCC, CV allied with FDN to access the Solimões drug route and expanded rapidly through the Amazon prison system. Hegemonic in PA (Belém metro), AC, AM, and MA. Detected in 286 municipalities in 2025, present in all 9 states."
2024,1501907,Pará,Bujaru,CV,Comando Vermelho,All BLA states,0,1,"National faction originating from Rio de Janeiro's prison system (founded late 1970s). Decentralized governance that preserves local leadership structures, facilitating alliances with regional groups. After the 2016 conflict with PCC, CV allied with FDN to access the Solimões drug route and expanded rapidly through the Amazon prison system. Hegemonic in PA (Belém metro), AC, AM, and MA. Detected in 286 municipalities in 2025, present in all 9 states."
2024,1502004,Pará,Cachoeira do Arari,CV,Comando Vermelho,All BLA states,0,1,"National faction originating from Rio de Janeiro's prison system (founded late 1970s). Decentralized governance that preserves local leadership structures, facilitating alliances with regional groups. After the 2016 conflict with PCC, CV allied with FDN to access the Solimões drug route and expanded rapidly through the Amazon prison system. Hegemonic in PA (Belém metro), AC, AM, and MA. Detected in 286 municipalities in 2025, present in all 9 states."
2024,1502103,Pará,Cametá,CV,Comando Vermelho,All BLA states,0,1,"National faction originating from Rio de Janeiro's prison system (founded late 1970s). Decentralized governance that preserves local leadership structures, facilitating alliances with regional groups. After the 2016 conflict with PCC, CV allied with FDN to access the Solimões drug route and expanded rapidly through the Amazon prison system. Hegemonic in PA (Belém metro), AC, AM, and MA. Detected in 286 municipalities in 2025, present in all 9 states."
2024,1502202,Pará,Capanema,CV,Comando Vermelho,All BLA states,0,1,"National faction originating from Rio de Janeiro's prison system (founded late 1970s). Decentralized governance that preserves local leadership structures, facilitating alliances with regional groups. After the 2016 conflict with PCC, CV allied with FDN to access the Solimões drug route and expanded rapidly through the Amazon prison system. Hegemonic in PA (Belém metro), AC, AM, and MA. Detected in 286 municipalities in 2025, present in all 9 states."
2024,1502400,Pará,Castanhal,BDM,Bonde do Maluco,PA,1,0,"Faction originating from Bahia, nationally allied with PCC. First detected in the Amazon in 2024 in Castanhal (PA) alongside GDE and PCC. The 2024 report explicitly links both BDM and GDE to the PCC alliance network. Also detected in São João de Pirabas (PA) in 2025."
2024,1502400,Pará,Castanhal,CV,Comando Vermelho,All BLA states,0,1,"National faction originating from Rio de Janeiro's prison system (founded late 1970s). Decentralized governance that preserves local leadership structures, facilitating alliances with regional groups. After the 2016 conflict with PCC, CV allied with FDN to access the Solimões drug route and expanded rapidly through the Amazon prison system. Hegemonic in PA (Belém metro), AC, AM, and MA. Detected in 286 municipalities in 2025, present in all 9 states."
2024,1502400,Pará,Castanhal,GDE,Guardiões do Estado,PA,1,0,"Faction originating from Ceará, nationally allied with PCC. First detected in the Amazon in 2024, specifically in Castanhal (PA)."
2024,1502400,Pará,Castanhal,PCC,Primeiro Comando da Capital,All BLA states,1,0,"National faction originating from São Paulo's prison system (founded 1993). Highly centralized hierarchy with leadership from SP/PR. Present in all 9 Amazonian states across all four editions. Detected in 90 municipalities in 2025, with hegemony in RO, RR, and TO prison systems. The PCC expanded aggressively into the Amazon after the 2016 rupture with CV, seeking control of cocaine transit routes from Peru, Colombia, and Bolivia."
2024,1502509,Pará,Chaves,CV,Comando Vermelho,All BLA states,0,1,"National faction originating from Rio de Janeiro's prison system (founded late 1970s). Decentralized governance that preserves local leadership structures, facilitating alliances with regional groups. After the 2016 conflict with PCC, CV allied with FDN to access the Solimões drug route and expanded rapidly through the Amazon prison system. Hegemonic in PA (Belém metro), AC, AM, and MA. Detected in 286 municipalities in 2025, present in all 9 states."
2024,1502509,Pará,Chaves,FTA,Família Terror do Amapá,"AP, PA",1,0,"Local faction from Amapá, one of two main AP groups alongside UCA. When PCC and CV arrived in AP in 2022, PCC allied with FTA (2023). FTA also operates in PA municipalities near the AP border (Afuá, Chaves, Senador José Porfírio) due to geographic proximity. Present in 8 municipalities in 2025, controlling 2 border municipalities."
2024,1502608,Pará,Colares,CV,Comando Vermelho,All BLA states,0,1,"National faction originating from Rio de Janeiro's prison system (founded late 1970s). Decentralized governance that preserves local leadership structures, facilitating alliances with regional groups. After the 2016 conflict with PCC, CV allied with FDN to access the Solimões drug route and expanded rapidly through the Amazon prison system. Hegemonic in PA (Belém metro), AC, AM, and MA. Detected in 286 municipalities in 2025, present in all 9 states."
2024,1502707,Pará,Conceição do Araguaia,CV,Comando Vermelho,All BLA states,0,1,"National faction originating from Rio de Janeiro's prison system (founded late 1970s). Decentralized governance that preserves local leadership structures, facilitating alliances with regional groups. After the 2016 conflict with PCC, CV allied with FDN to access the Solimões drug route and expanded rapidly through the Amazon prison system. Hegemonic in PA (Belém metro), AC, AM, and MA. Detected in 286 municipalities in 2025, present in all 9 states."
2024,1502756,Pará,Concórdia do Pará,CV,Comando Vermelho,All BLA states,0,1,"National faction originating from Rio de Janeiro's prison system (founded late 1970s). Decentralized governance that preserves local leadership structures, facilitating alliances with regional groups. After the 2016 conflict with PCC, CV allied with FDN to access the Solimões drug route and expanded rapidly through the Amazon prison system. Hegemonic in PA (Belém metro), AC, AM, and MA. Detected in 286 municipalities in 2025, present in all 9 states."
2024,1502756,Pará,Concórdia do Pará,PCC,Primeiro Comando da Capital,All BLA states,1,0,"National faction originating from São Paulo's prison system (founded 1993). Highly centralized hierarchy with leadership from SP/PR. Present in all 9 Amazonian states across all four editions. Detected in 90 municipalities in 2025, with hegemony in RO, RR, and TO prison systems. The PCC expanded aggressively into the Amazon after the 2016 rupture with CV, seeking control of cocaine transit routes from Peru, Colombia, and Bolivia."
2024,1502806,Pará,Curralinho,CV,Comando Vermelho,All BLA states,0,1,"National faction originating from Rio de Janeiro's prison system (founded late 1970s). Decentralized governance that preserves local leadership structures, facilitating alliances with regional groups. After the 2016 conflict with PCC, CV allied with FDN to access the Solimões drug route and expanded rapidly through the Amazon prison system. Hegemonic in PA (Belém metro), AC, AM, and MA. Detected in 286 municipalities in 2025, present in all 9 states."
2024,1502905,Pará,Curuçá,CV,Comando Vermelho,All BLA states,0,1,"National faction originating from Rio de Janeiro's prison system (founded late 1970s). Decentralized governance that preserves local leadership structures, facilitating alliances with regional groups. After the 2016 conflict with PCC, CV allied with FDN to access the Solimões drug route and expanded rapidly through the Amazon prison system. Hegemonic in PA (Belém metro), AC, AM, and MA. Detected in 286 municipalities in 2025, present in all 9 states."
2024,1502939,Pará,Dom Eliseu,CV,Comando Vermelho,All BLA states,0,1,"National faction originating from Rio de Janeiro's prison system (founded late 1970s). Decentralized governance that preserves local leadership structures, facilitating alliances with regional groups. After the 2016 conflict with PCC, CV allied with FDN to access the Solimões drug route and expanded rapidly through the Amazon prison system. Hegemonic in PA (Belém metro), AC, AM, and MA. Detected in 286 municipalities in 2025, present in all 9 states."
2024,1502939,Pará,Dom Eliseu,PCC,Primeiro Comando da Capital,All BLA states,1,0,"National faction originating from São Paulo's prison system (founded 1993). Highly centralized hierarchy with leadership from SP/PR. Present in all 9 Amazonian states across all four editions. Detected in 90 municipalities in 2025, with hegemony in RO, RR, and TO prison systems. The PCC expanded aggressively into the Amazon after the 2016 rupture with CV, seeking control of cocaine transit routes from Peru, Colombia, and Bolivia."
2024,1503309,Pará,Igarapé-Miri,CV,Comando Vermelho,All BLA states,0,1,"National faction originating from Rio de Janeiro's prison system (founded late 1970s). Decentralized governance that preserves local leadership structures, facilitating alliances with regional groups. After the 2016 conflict with PCC, CV allied with FDN to access the Solimões drug route and expanded rapidly through the Amazon prison system. Hegemonic in PA (Belém metro), AC, AM, and MA. Detected in 286 municipalities in 2025, present in all 9 states."
2024,1503457,Pará,Ipixuna do Pará,CV,Comando Vermelho,All BLA states,0,1,"National faction originating from Rio de Janeiro's prison system (founded late 1970s). Decentralized governance that preserves local leadership structures, facilitating alliances with regional groups. After the 2016 conflict with PCC, CV allied with FDN to access the Solimões drug route and expanded rapidly through the Amazon prison system. Hegemonic in PA (Belém metro), AC, AM, and MA. Detected in 286 municipalities in 2025, present in all 9 states."
2024,1503606,Pará,Itaituba,CV,Comando Vermelho,All BLA states,0,1,"National faction originating from Rio de Janeiro's prison system (founded late 1970s). Decentralized governance that preserves local leadership structures, facilitating alliances with regional groups. After the 2016 conflict with PCC, CV allied with FDN to access the Solimões drug route and expanded rapidly through the Amazon prison system. Hegemonic in PA (Belém metro), AC, AM, and MA. Detected in 286 municipalities in 2025, present in all 9 states."
2024,1503705,Pará,Itupiranga,PCC,Primeiro Comando da Capital,All BLA states,1,0,"National faction originating from São Paulo's prison system (founded 1993). Highly centralized hierarchy with leadership from SP/PR. Present in all 9 Amazonian states across all four editions. Detected in 90 municipalities in 2025, with hegemony in RO, RR, and TO prison systems. The PCC expanded aggressively into the Amazon after the 2016 rupture with CV, seeking control of cocaine transit routes from Peru, Colombia, and Bolivia."
2024,1503754,Pará,Jacareacanga,CV,Comando Vermelho,All BLA states,0,1,"National faction originating from Rio de Janeiro's prison system (founded late 1970s). Decentralized governance that preserves local leadership structures, facilitating alliances with regional groups. After the 2016 conflict with PCC, CV allied with FDN to access the Solimões drug route and expanded rapidly through the Amazon prison system. Hegemonic in PA (Belém metro), AC, AM, and MA. Detected in 286 municipalities in 2025, present in all 9 states."
2024,1503804,Pará,Jacundá,CV,Comando Vermelho,All BLA states,0,1,"National faction originating from Rio de Janeiro's prison system (founded late 1970s). Decentralized governance that preserves local leadership structures, facilitating alliances with regional groups. After the 2016 conflict with PCC, CV allied with FDN to access the Solimões drug route and expanded rapidly through the Amazon prison system. Hegemonic in PA (Belém metro), AC, AM, and MA. Detected in 286 municipalities in 2025, present in all 9 states."
2024,1503804,Pará,Jacundá,PCC,Primeiro Comando da Capital,All BLA states,1,0,"National faction originating from São Paulo's prison system (founded 1993). Highly centralized hierarchy with leadership from SP/PR. Present in all 9 Amazonian states across all four editions. Detected in 90 municipalities in 2025, with hegemony in RO, RR, and TO prison systems. The PCC expanded aggressively into the Amazon after the 2016 rupture with CV, seeking control of cocaine transit routes from Peru, Colombia, and Bolivia."
2024,1503903,Pará,Juruti,CV,Comando Vermelho,All BLA states,0,1,"National faction originating from Rio de Janeiro's prison system (founded late 1970s). Decentralized governance that preserves local leadership structures, facilitating alliances with regional groups. After the 2016 conflict with PCC, CV allied with FDN to access the Solimões drug route and expanded rapidly through the Amazon prison system. Hegemonic in PA (Belém metro), AC, AM, and MA. Detected in 286 municipalities in 2025, present in all 9 states."
2024,1504059,Pará,Mãe do Rio,CV,Comando Vermelho,All BLA states,0,1,"National faction originating from Rio de Janeiro's prison system (founded late 1970s). Decentralized governance that preserves local leadership structures, facilitating alliances with regional groups. After the 2016 conflict with PCC, CV allied with FDN to access the Solimões drug route and expanded rapidly through the Amazon prison system. Hegemonic in PA (Belém metro), AC, AM, and MA. Detected in 286 municipalities in 2025, present in all 9 states."
2024,1504059,Pará,Mãe do Rio,PCC,Primeiro Comando da Capital,All BLA states,1,0,"National faction originating from São Paulo's prison system (founded 1993). Highly centralized hierarchy with leadership from SP/PR. Present in all 9 Amazonian states across all four editions. Detected in 90 municipalities in 2025, with hegemony in RO, RR, and TO prison systems. The PCC expanded aggressively into the Amazon after the 2016 rupture with CV, seeking control of cocaine transit routes from Peru, Colombia, and Bolivia."
2024,1504208,Pará,Marabá,CV,Comando Vermelho,All BLA states,0,1,"National faction originating from Rio de Janeiro's prison system (founded late 1970s). Decentralized governance that preserves local leadership structures, facilitating alliances with regional groups. After the 2016 conflict with PCC, CV allied with FDN to access the Solimões drug route and expanded rapidly through the Amazon prison system. Hegemonic in PA (Belém metro), AC, AM, and MA. Detected in 286 municipalities in 2025, present in all 9 states."
2024,1504208,Pará,Marabá,PCC,Primeiro Comando da Capital,All BLA states,1,0,"National faction originating from São Paulo's prison system (founded 1993). Highly centralized hierarchy with leadership from SP/PR. Present in all 9 Amazonian states across all four editions. Detected in 90 municipalities in 2025, with hegemony in RO, RR, and TO prison systems. The PCC expanded aggressively into the Amazon after the 2016 rupture with CV, seeking control of cocaine transit routes from Peru, Colombia, and Bolivia."
2024,1504307,Pará,Maracanã,CV,Comando Vermelho,All BLA states,0,1,"National faction originating from Rio de Janeiro's prison system (founded late 1970s). Decentralized governance that preserves local leadership structures, facilitating alliances with regional groups. After the 2016 conflict with PCC, CV allied with FDN to access the Solimões drug route and expanded rapidly through the Amazon prison system. Hegemonic in PA (Belém metro), AC, AM, and MA. Detected in 286 municipalities in 2025, present in all 9 states."
2024,1504406,Pará,Marapanim,CV,Comando Vermelho,All BLA states,0,1,"National faction originating from Rio de Janeiro's prison system (founded late 1970s). Decentralized governance that preserves local leadership structures, facilitating alliances with regional groups. After the 2016 conflict with PCC, CV allied with FDN to access the Solimões drug route and expanded rapidly through the Amazon prison system. Hegemonic in PA (Belém metro), AC, AM, and MA. Detected in 286 municipalities in 2025, present in all 9 states."
2024,1504422,Pará,Marituba,CV,Comando Vermelho,All BLA states,0,1,"National faction originating from Rio de Janeiro's prison system (founded late 1970s). Decentralized governance that preserves local leadership structures, facilitating alliances with regional groups. After the 2016 conflict with PCC, CV allied with FDN to access the Solimões drug route and expanded rapidly through the Amazon prison system. Hegemonic in PA (Belém metro), AC, AM, and MA. Detected in 286 municipalities in 2025, present in all 9 states."
2024,1504422,Pará,Marituba,PCC,Primeiro Comando da Capital,All BLA states,1,0,"National faction originating from São Paulo's prison system (founded 1993). Highly centralized hierarchy with leadership from SP/PR. Present in all 9 Amazonian states across all four editions. Detected in 90 municipalities in 2025, with hegemony in RO, RR, and TO prison systems. The PCC expanded aggressively into the Amazon after the 2016 rupture with CV, seeking control of cocaine transit routes from Peru, Colombia, and Bolivia."
2024,1504505,Pará,Melgaço,CV,Comando Vermelho,All BLA states,0,1,"National faction originating from Rio de Janeiro's prison system (founded late 1970s). Decentralized governance that preserves local leadership structures, facilitating alliances with regional groups. After the 2016 conflict with PCC, CV allied with FDN to access the Solimões drug route and expanded rapidly through the Amazon prison system. Hegemonic in PA (Belém metro), AC, AM, and MA. Detected in 286 municipalities in 2025, present in all 9 states."
2024,1504604,Pará,Mocajuba,CV,Comando Vermelho,All BLA states,0,1,"National faction originating from Rio de Janeiro's prison system (founded late 1970s). Decentralized governance that preserves local leadership structures, facilitating alliances with regional groups. After the 2016 conflict with PCC, CV allied with FDN to access the Solimões drug route and expanded rapidly through the Amazon prison system. Hegemonic in PA (Belém metro), AC, AM, and MA. Detected in 286 municipalities in 2025, present in all 9 states."
2024,1504703,Pará,Moju,CV,Comando Vermelho,All BLA states,0,1,"National faction originating from Rio de Janeiro's prison system (founded late 1970s). Decentralized governance that preserves local leadership structures, facilitating alliances with regional groups. After the 2016 conflict with PCC, CV allied with FDN to access the Solimões drug route and expanded rapidly through the Amazon prison system. Hegemonic in PA (Belém metro), AC, AM, and MA. Detected in 286 municipalities in 2025, present in all 9 states."
2024,1505031,Pará,Novo Progresso,CV,Comando Vermelho,All BLA states,0,1,"National faction originating from Rio de Janeiro's prison system (founded late 1970s). Decentralized governance that preserves local leadership structures, facilitating alliances with regional groups. After the 2016 conflict with PCC, CV allied with FDN to access the Solimões drug route and expanded rapidly through the Amazon prison system. Hegemonic in PA (Belém metro), AC, AM, and MA. Detected in 286 municipalities in 2025, present in all 9 states."
2024,1505064,Pará,Novo Repartimento,CV,Comando Vermelho,All BLA states,0,1,"National faction originating from Rio de Janeiro's prison system (founded late 1970s). Decentralized governance that preserves local leadership structures, facilitating alliances with regional groups. After the 2016 conflict with PCC, CV allied with FDN to access the Solimões drug route and expanded rapidly through the Amazon prison system. Hegemonic in PA (Belém metro), AC, AM, and MA. Detected in 286 municipalities in 2025, present in all 9 states."
2024,1505403,Pará,Ourém,CV,Comando Vermelho,All BLA states,0,1,"National faction originating from Rio de Janeiro's prison system (founded late 1970s). Decentralized governance that preserves local leadership structures, facilitating alliances with regional groups. After the 2016 conflict with PCC, CV allied with FDN to access the Solimões drug route and expanded rapidly through the Amazon prison system. Hegemonic in PA (Belém metro), AC, AM, and MA. Detected in 286 municipalities in 2025, present in all 9 states."
2024,1505486,Pará,Pacajá,CV,Comando Vermelho,All BLA states,0,1,"National faction originating from Rio de Janeiro's prison system (founded late 1970s). Decentralized governance that preserves local leadership structures, facilitating alliances with regional groups. After the 2016 conflict with PCC, CV allied with FDN to access the Solimões drug route and expanded rapidly through the Amazon prison system. Hegemonic in PA (Belém metro), AC, AM, and MA. Detected in 286 municipalities in 2025, present in all 9 states."
2024,1505494,Pará,Palestina do Pará,CV,Comando Vermelho,All BLA states,0,1,"National faction originating from Rio de Janeiro's prison system (founded late 1970s). Decentralized governance that preserves local leadership structures, facilitating alliances with regional groups. After the 2016 conflict with PCC, CV allied with FDN to access the Solimões drug route and expanded rapidly through the Amazon prison system. Hegemonic in PA (Belém metro), AC, AM, and MA. Detected in 286 municipalities in 2025, present in all 9 states."
2024,1505502,Pará,Paragominas,CV,Comando Vermelho,All BLA states,0,1,"National faction originating from Rio de Janeiro's prison system (founded late 1970s). Decentralized governance that preserves local leadership structures, facilitating alliances with regional groups. After the 2016 conflict with PCC, CV allied with FDN to access the Solimões drug route and expanded rapidly through the Amazon prison system. Hegemonic in PA (Belém metro), AC, AM, and MA. Detected in 286 municipalities in 2025, present in all 9 states."
2024,1505536,Pará,Parauapebas,CV,Comando Vermelho,All BLA states,0,1,"National faction originating from Rio de Janeiro's prison system (founded late 1970s). Decentralized governance that preserves local leadership structures, facilitating alliances with regional groups. After the 2016 conflict with PCC, CV allied with FDN to access the Solimões drug route and expanded rapidly through the Amazon prison system. Hegemonic in PA (Belém metro), AC, AM, and MA. Detected in 286 municipalities in 2025, present in all 9 states."
2024,1505536,Pará,Parauapebas,PCC,Primeiro Comando da Capital,All BLA states,1,0,"National faction originating from São Paulo's prison system (founded 1993). Highly centralized hierarchy with leadership from SP/PR. Present in all 9 Amazonian states across all four editions. Detected in 90 municipalities in 2025, with hegemony in RO, RR, and TO prison systems. The PCC expanded aggressively into the Amazon after the 2016 rupture with CV, seeking control of cocaine transit routes from Peru, Colombia, and Bolivia."
2024,1505809,Pará,Portel,CV,Comando Vermelho,All BLA states,0,1,"National faction originating from Rio de Janeiro's prison system (founded late 1970s). Decentralized governance that preserves local leadership structures, facilitating alliances with regional groups. After the 2016 conflict with PCC, CV allied with FDN to access the Solimões drug route and expanded rapidly through the Amazon prison system. Hegemonic in PA (Belém metro), AC, AM, and MA. Detected in 286 municipalities in 2025, present in all 9 states."
2024,1506138,Pará,Redenção,CV,Comando Vermelho,All BLA states,0,1,"National faction originating from Rio de Janeiro's prison system (founded late 1970s). Decentralized governance that preserves local leadership structures, facilitating alliances with regional groups. After the 2016 conflict with PCC, CV allied with FDN to access the Solimões drug route and expanded rapidly through the Amazon prison system. Hegemonic in PA (Belém metro), AC, AM, and MA. Detected in 286 municipalities in 2025, present in all 9 states."
2024,1506138,Pará,Redenção,PCC,Primeiro Comando da Capital,All BLA states,1,0,"National faction originating from São Paulo's prison system (founded 1993). Highly centralized hierarchy with leadership from SP/PR. Present in all 9 Amazonian states across all four editions. Detected in 90 municipalities in 2025, with hegemony in RO, RR, and TO prison systems. The PCC expanded aggressively into the Amazon after the 2016 rupture with CV, seeking control of cocaine transit routes from Peru, Colombia, and Bolivia."
2024,1506161,Pará,Rio Maria,CV,Comando Vermelho,All BLA states,0,1,"National faction originating from Rio de Janeiro's prison system (founded late 1970s). Decentralized governance that preserves local leadership structures, facilitating alliances with regional groups. After the 2016 conflict with PCC, CV allied with FDN to access the Solimões drug route and expanded rapidly through the Amazon prison system. Hegemonic in PA (Belém metro), AC, AM, and MA. Detected in 286 municipalities in 2025, present in all 9 states."
2024,1506161,Pará,Rio Maria,PCC,Primeiro Comando da Capital,All BLA states,1,0,"National faction originating from São Paulo's prison system (founded 1993). Highly centralized hierarchy with leadership from SP/PR. Present in all 9 Amazonian states across all four editions. Detected in 90 municipalities in 2025, with hegemony in RO, RR, and TO prison systems. The PCC expanded aggressively into the Amazon after the 2016 rupture with CV, seeking control of cocaine transit routes from Peru, Colombia, and Bolivia."
2024,1506187,Pará,Rondon do Pará,PCC,Primeiro Comando da Capital,All BLA states,1,0,"National faction originating from São Paulo's prison system (founded 1993). Highly centralized hierarchy with leadership from SP/PR. Present in all 9 Amazonian states across all four editions. Detected in 90 municipalities in 2025, with hegemony in RO, RR, and TO prison systems. The PCC expanded aggressively into the Amazon after the 2016 rupture with CV, seeking control of cocaine transit routes from Peru, Colombia, and Bolivia."
2024,1506195,Pará,Rurópolis,CV,Comando Vermelho,All BLA states,0,1,"National faction originating from Rio de Janeiro's prison system (founded late 1970s). Decentralized governance that preserves local leadership structures, facilitating alliances with regional groups. After the 2016 conflict with PCC, CV allied with FDN to access the Solimões drug route and expanded rapidly through the Amazon prison system. Hegemonic in PA (Belém metro), AC, AM, and MA. Detected in 286 municipalities in 2025, present in all 9 states."
2024,1506203,Pará,Salinópolis,CV,Comando Vermelho,All BLA states,0,1,"National faction originating from Rio de Janeiro's prison system (founded late 1970s). Decentralized governance that preserves local leadership structures, facilitating alliances with regional groups. After the 2016 conflict with PCC, CV allied with FDN to access the Solimões drug route and expanded rapidly through the Amazon prison system. Hegemonic in PA (Belém metro), AC, AM, and MA. Detected in 286 municipalities in 2025, present in all 9 states."
2024,1506302,Pará,Salvaterra,CV,Comando Vermelho,All BLA states,0,1,"National faction originating from Rio de Janeiro's prison system (founded late 1970s). Decentralized governance that preserves local leadership structures, facilitating alliances with regional groups. After the 2016 conflict with PCC, CV allied with FDN to access the Solimões drug route and expanded rapidly through the Amazon prison system. Hegemonic in PA (Belém metro), AC, AM, and MA. Detected in 286 municipalities in 2025, present in all 9 states."
2024,1506351,Pará,Santa Bárbara do Pará,CV,Comando Vermelho,All BLA states,0,1,"National faction originating from Rio de Janeiro's prison system (founded late 1970s). Decentralized governance that preserves local leadership structures, facilitating alliances with regional groups. After the 2016 conflict with PCC, CV allied with FDN to access the Solimões drug route and expanded rapidly through the Amazon prison system. Hegemonic in PA (Belém metro), AC, AM, and MA. Detected in 286 municipalities in 2025, present in all 9 states."
2024,1506500,Pará,Santa Izabel do Pará,CV,Comando Vermelho,All BLA states,0,1,"National faction originating from Rio de Janeiro's prison system (founded late 1970s). Decentralized governance that preserves local leadership structures, facilitating alliances with regional groups. After the 2016 conflict with PCC, CV allied with FDN to access the Solimões drug route and expanded rapidly through the Amazon prison system. Hegemonic in PA (Belém metro), AC, AM, and MA. Detected in 286 municipalities in 2025, present in all 9 states."
2024,1506559,Pará,Santa Luzia do Pará,CV,Comando Vermelho,All BLA states,0,1,"National faction originating from Rio de Janeiro's prison system (founded late 1970s). Decentralized governance that preserves local leadership structures, facilitating alliances with regional groups. After the 2016 conflict with PCC, CV allied with FDN to access the Solimões drug route and expanded rapidly through the Amazon prison system. Hegemonic in PA (Belém metro), AC, AM, and MA. Detected in 286 municipalities in 2025, present in all 9 states."
2024,1506807,Pará,Santarém,CV,Comando Vermelho,All BLA states,0,1,"National faction originating from Rio de Janeiro's prison system (founded late 1970s). Decentralized governance that preserves local leadership structures, facilitating alliances with regional groups. After the 2016 conflict with PCC, CV allied with FDN to access the Solimões drug route and expanded rapidly through the Amazon prison system. Hegemonic in PA (Belém metro), AC, AM, and MA. Detected in 286 municipalities in 2025, present in all 9 states."
2024,1507003,Pará,Santo Antônio do Tauá,CV,Comando Vermelho,All BLA states,0,1,"National faction originating from Rio de Janeiro's prison system (founded late 1970s). Decentralized governance that preserves local leadership structures, facilitating alliances with regional groups. After the 2016 conflict with PCC, CV allied with FDN to access the Solimões drug route and expanded rapidly through the Amazon prison system. Hegemonic in PA (Belém metro), AC, AM, and MA. Detected in 286 municipalities in 2025, present in all 9 states."
2024,1507300,Pará,São Félix do Xingu,CV,Comando Vermelho,All BLA states,0,1,"National faction originating from Rio de Janeiro's prison system (founded late 1970s). Decentralized governance that preserves local leadership structures, facilitating alliances with regional groups. After the 2016 conflict with PCC, CV allied with FDN to access the Solimões drug route and expanded rapidly through the Amazon prison system. Hegemonic in PA (Belém metro), AC, AM, and MA. Detected in 286 municipalities in 2025, present in all 9 states."
2024,1507607,Pará,São Miguel do Guamá,CV,Comando Vermelho,All BLA states,0,1,"National faction originating from Rio de Janeiro's prison system (founded late 1970s). Decentralized governance that preserves local leadership structures, facilitating alliances with regional groups. After the 2016 conflict with PCC, CV allied with FDN to access the Solimões drug route and expanded rapidly through the Amazon prison system. Hegemonic in PA (Belém metro), AC, AM, and MA. Detected in 286 municipalities in 2025, present in all 9 states."
2024,1507706,Pará,São Sebastião da Boa Vista,CV,Comando Vermelho,All BLA states,0,1,"National faction originating from Rio de Janeiro's prison system (founded late 1970s). Decentralized governance that preserves local leadership structures, facilitating alliances with regional groups. After the 2016 conflict with PCC, CV allied with FDN to access the Solimões drug route and expanded rapidly through the Amazon prison system. Hegemonic in PA (Belém metro), AC, AM, and MA. Detected in 286 municipalities in 2025, present in all 9 states."
2024,1507904,Pará,Soure,CV,Comando Vermelho,All BLA states,0,1,"National faction originating from Rio de Janeiro's prison system (founded late 1970s). Decentralized governance that preserves local leadership structures, facilitating alliances with regional groups. After the 2016 conflict with PCC, CV allied with FDN to access the Solimões drug route and expanded rapidly through the Amazon prison system. Hegemonic in PA (Belém metro), AC, AM, and MA. Detected in 286 municipalities in 2025, present in all 9 states."
2024,1507953,Pará,Tailândia,CV,Comando Vermelho,All BLA states,0,1,"National faction originating from Rio de Janeiro's prison system (founded late 1970s). Decentralized governance that preserves local leadership structures, facilitating alliances with regional groups. After the 2016 conflict with PCC, CV allied with FDN to access the Solimões drug route and expanded rapidly through the Amazon prison system. Hegemonic in PA (Belém metro), AC, AM, and MA. Detected in 286 municipalities in 2025, present in all 9 states."
2024,1508001,Pará,Tomé-açu,CV,Comando Vermelho,All BLA states,0,1,"National faction originating from Rio de Janeiro's prison system (founded late 1970s). Decentralized governance that preserves local leadership structures, facilitating alliances with regional groups. After the 2016 conflict with PCC, CV allied with FDN to access the Solimões drug route and expanded rapidly through the Amazon prison system. Hegemonic in PA (Belém metro), AC, AM, and MA. Detected in 286 municipalities in 2025, present in all 9 states."
2024,1508084,Pará,Tucumã,CV,Comando Vermelho,All BLA states,0,1,"National faction originating from Rio de Janeiro's prison system (founded late 1970s). Decentralized governance that preserves local leadership structures, facilitating alliances with regional groups. After the 2016 conflict with PCC, CV allied with FDN to access the Solimões drug route and expanded rapidly through the Amazon prison system. Hegemonic in PA (Belém metro), AC, AM, and MA. Detected in 286 municipalities in 2025, present in all 9 states."
2024,1508100,Pará,Tucuruí,CV,Comando Vermelho,All BLA states,0,1,"National faction originating from Rio de Janeiro's prison system (founded late 1970s). Decentralized governance that preserves local leadership structures, facilitating alliances with regional groups. After the 2016 conflict with PCC, CV allied with FDN to access the Solimões drug route and expanded rapidly through the Amazon prison system. Hegemonic in PA (Belém metro), AC, AM, and MA. Detected in 286 municipalities in 2025, present in all 9 states."
2024,1508159,Pará,Uruará,CV,Comando Vermelho,All BLA states,0,1,"National faction originating from Rio de Janeiro's prison system (founded late 1970s). Decentralized governance that preserves local leadership structures, facilitating alliances with regional groups. After the 2016 conflict with PCC, CV allied with FDN to access the Solimões drug route and expanded rapidly through the Amazon prison system. Hegemonic in PA (Belém metro), AC, AM, and MA. Detected in 286 municipalities in 2025, present in all 9 states."
2024,1508209,Pará,Vigia,CV,Comando Vermelho,All BLA states,0,1,"National faction originating from Rio de Janeiro's prison system (founded late 1970s). Decentralized governance that preserves local leadership structures, facilitating alliances with regional groups. After the 2016 conflict with PCC, CV allied with FDN to access the Solimões drug route and expanded rapidly through the Amazon prison system. Hegemonic in PA (Belém metro), AC, AM, and MA. Detected in 286 municipalities in 2025, present in all 9 states."
2024,1508407,Pará,Xinguara,PCC,Primeiro Comando da Capital,All BLA states,1,0,"National faction originating from São Paulo's prison system (founded 1993). Highly centralized hierarchy with leadership from SP/PR. Present in all 9 Amazonian states across all four editions. Detected in 90 municipalities in 2025, with hegemony in RO, RR, and TO prison systems. The PCC expanded aggressively into the Amazon after the 2016 rupture with CV, seeking control of cocaine transit routes from Peru, Colombia, and Bolivia."
2024,1600279,Amapá,Laranjal,CV,Comando Vermelho,All BLA states,0,1,"National faction originating from Rio de Janeiro's prison system (founded late 1970s). Decentralized governance that preserves local leadership structures, facilitating alliances with regional groups. After the 2016 conflict with PCC, CV allied with FDN to access the Solimões drug route and expanded rapidly through the Amazon prison system. Hegemonic in PA (Belém metro), AC, AM, and MA. Detected in 286 municipalities in 2025, present in all 9 states."
2024,1600303,Amapá,Macapá,APS,Amigos para Sempre,AP,0,1,Appeared in the 2024 municipality tables for Amapá: present in Macapá and Santana. APS was absorved by the CV's Amapá operations — and is no longer listed as an active faction.
2024,1600303,Amapá,Macapá,CV,Comando Vermelho,All BLA states,0,1,"National faction originating from Rio de Janeiro's prison system (founded late 1970s). Decentralized governance that preserves local leadership structures, facilitating alliances with regional groups. After the 2016 conflict with PCC, CV allied with FDN to access the Solimões drug route and expanded rapidly through the Amazon prison system. Hegemonic in PA (Belém metro), AC, AM, and MA. Detected in 286 municipalities in 2025, present in all 9 states."
2024,1600303,Amapá,Macapá,FTA,Família Terror do Amapá,"AP, PA",1,0,"Local faction from Amapá, one of two main AP groups alongside UCA. When PCC and CV arrived in AP in 2022, PCC allied with FTA (2023). FTA also operates in PA municipalities near the AP border (Afuá, Chaves, Senador José Porfírio) due to geographic proximity. Present in 8 municipalities in 2025, controlling 2 border municipalities."
2024,1600303,Amapá,Macapá,PCC,Primeiro Comando da Capital,All BLA states,1,0,"National faction originating from São Paulo's prison system (founded 1993). Highly centralized hierarchy with leadership from SP/PR. Present in all 9 Amazonian states across all four editions. Detected in 90 municipalities in 2025, with hegemony in RO, RR, and TO prison systems. The PCC expanded aggressively into the Amazon after the 2016 rupture with CV, seeking control of cocaine transit routes from Peru, Colombia, and Bolivia."
2024,1600303,Amapá,Macapá,UCA,União Criminosa Amapaense,AP,0,1,"Local faction from Amapá, one of two main AP groups alongside FTA. When national factions arrived in AP, UCA aligned with CV (2023). Listed among active factions in 2025, present in 3 municipalities."
2024,1600402,Amapá,Mazagão,CV,Comando Vermelho,All BLA states,0,1,"National faction originating from Rio de Janeiro's prison system (founded late 1970s). Decentralized governance that preserves local leadership structures, facilitating alliances with regional groups. After the 2016 conflict with PCC, CV allied with FDN to access the Solimões drug route and expanded rapidly through the Amazon prison system. Hegemonic in PA (Belém metro), AC, AM, and MA. Detected in 286 municipalities in 2025, present in all 9 states."
2024,1600402,Amapá,Mazagão,FTA,Família Terror do Amapá,"AP, PA",1,0,"Local faction from Amapá, one of two main AP groups alongside UCA. When PCC and CV arrived in AP in 2022, PCC allied with FTA (2023). FTA also operates in PA municipalities near the AP border (Afuá, Chaves, Senador José Porfírio) due to geographic proximity. Present in 8 municipalities in 2025, controlling 2 border municipalities."
2024,1600501,Amapá,Oiapoque,CV,Comando Vermelho,All BLA states,0,1,"National faction originating from Rio de Janeiro's prison system (founded late 1970s). Decentralized governance that preserves local leadership structures, facilitating alliances with regional groups. After the 2016 conflict with PCC, CV allied with FDN to access the Solimões drug route and expanded rapidly through the Amazon prison system. Hegemonic in PA (Belém metro), AC, AM, and MA. Detected in 286 municipalities in 2025, present in all 9 states."
2024,1600501,Amapá,Oiapoque,FTA,Família Terror do Amapá,"AP, PA",1,0,"Local faction from Amapá, one of two main AP groups alongside UCA. When PCC and CV arrived in AP in 2022, PCC allied with FTA (2023). FTA also operates in PA municipalities near the AP border (Afuá, Chaves, Senador José Porfírio) due to geographic proximity. Present in 8 municipalities in 2025, controlling 2 border municipalities."
2024,1600600,Amapá,Santana,APS,Amigos para Sempre,AP,0,1,Appeared in the 2024 municipality tables for Amapá: present in Macapá and Santana. APS was absorved by the CV's Amapá operations — and is no longer listed as an active faction.
2024,1600600,Amapá,Santana,CV,Comando Vermelho,All BLA states,0,1,"National faction originating from Rio de Janeiro's prison system (founded late 1970s). Decentralized governance that preserves local leadership structures, facilitating alliances with regional groups. After the 2016 conflict with PCC, CV allied with FDN to access the Solimões drug route and expanded rapidly through the Amazon prison system. Hegemonic in PA (Belém metro), AC, AM, and MA. Detected in 286 municipalities in 2025, present in all 9 states."
2024,1600600,Amapá,Santana,FTA,Família Terror do Amapá,"AP, PA",1,0,"Local faction from Amapá, one of two main AP groups alongside UCA. When PCC and CV arrived in AP in 2022, PCC allied with FTA (2023). FTA also operates in PA municipalities near the AP border (Afuá, Chaves, Senador José Porfírio) due to geographic proximity. Present in 8 municipalities in 2025, controlling 2 border municipalities."
2024,1600600,Amapá,Santana,PCC,Primeiro Comando da Capital,All BLA states,1,0,"National faction originating from São Paulo's prison system (founded 1993). Highly centralized hierarchy with leadership from SP/PR. Present in all 9 Amazonian states across all four editions. Detected in 90 municipalities in 2025, with hegemony in RO, RR, and TO prison systems. The PCC expanded aggressively into the Amazon after the 2016 rupture with CV, seeking control of cocaine transit routes from Peru, Colombia, and Bolivia."
2024,1702109,Tocantins,Araguaína,CV,Comando Vermelho,All BLA states,0,1,"National faction originating from Rio de Janeiro's prison system (founded late 1970s). Decentralized governance that preserves local leadership structures, facilitating alliances with regional groups. After the 2016 conflict with PCC, CV allied with FDN to access the Solimões drug route and expanded rapidly through the Amazon prison system. Hegemonic in PA (Belém metro), AC, AM, and MA. Detected in 286 municipalities in 2025, present in all 9 states."
2024,1702109,Tocantins,Araguaína,PCC,Primeiro Comando da Capital,All BLA states,1,0,"National faction originating from São Paulo's prison system (founded 1993). Highly centralized hierarchy with leadership from SP/PR. Present in all 9 Amazonian states across all four editions. Detected in 90 municipalities in 2025, with hegemony in RO, RR, and TO prison systems. The PCC expanded aggressively into the Amazon after the 2016 rupture with CV, seeking control of cocaine transit routes from Peru, Colombia, and Bolivia."
2024,1702208,Tocantins,Araguatins,PCC,Primeiro Comando da Capital,All BLA states,1,0,"National faction originating from São Paulo's prison system (founded 1993). Highly centralized hierarchy with leadership from SP/PR. Present in all 9 Amazonian states across all four editions. Detected in 90 municipalities in 2025, with hegemony in RO, RR, and TO prison systems. The PCC expanded aggressively into the Amazon after the 2016 rupture with CV, seeking control of cocaine transit routes from Peru, Colombia, and Bolivia."
2024,1703867,Tocantins,Cariri do Tocantins,PCC,Primeiro Comando da Capital,All BLA states,1,0,"National faction originating from São Paulo's prison system (founded 1993). Highly centralized hierarchy with leadership from SP/PR. Present in all 9 Amazonian states across all four editions. Detected in 90 municipalities in 2025, with hegemony in RO, RR, and TO prison systems. The PCC expanded aggressively into the Amazon after the 2016 rupture with CV, seeking control of cocaine transit routes from Peru, Colombia, and Bolivia."
2024,1709500,Tocantins,Gurupi,CV,Comando Vermelho,All BLA states,0,1,"National faction originating from Rio de Janeiro's prison system (founded late 1970s). Decentralized governance that preserves local leadership structures, facilitating alliances with regional groups. After the 2016 conflict with PCC, CV allied with FDN to access the Solimões drug route and expanded rapidly through the Amazon prison system. Hegemonic in PA (Belém metro), AC, AM, and MA. Detected in 286 municipalities in 2025, present in all 9 states."
2024,1709500,Tocantins,Gurupi,PCC,Primeiro Comando da Capital,All BLA states,1,0,"National faction originating from São Paulo's prison system (founded 1993). Highly centralized hierarchy with leadership from SP/PR. Present in all 9 Amazonian states across all four editions. Detected in 90 municipalities in 2025, with hegemony in RO, RR, and TO prison systems. The PCC expanded aggressively into the Amazon after the 2016 rupture with CV, seeking control of cocaine transit routes from Peru, Colombia, and Bolivia."
2024,1713205,Tocantins,Miracema do Tocantins,CV,Comando Vermelho,All BLA states,0,1,"National faction originating from Rio de Janeiro's prison system (founded late 1970s). Decentralized governance that preserves local leadership structures, facilitating alliances with regional groups. After the 2016 conflict with PCC, CV allied with FDN to access the Solimões drug route and expanded rapidly through the Amazon prison system. Hegemonic in PA (Belém metro), AC, AM, and MA. Detected in 286 municipalities in 2025, present in all 9 states."
2024,1713205,Tocantins,Miracema do Tocantins,PCC,Primeiro Comando da Capital,All BLA states,1,0,"National faction originating from São Paulo's prison system (founded 1993). Highly centralized hierarchy with leadership from SP/PR. Present in all 9 Amazonian states across all four editions. Detected in 90 municipalities in 2025, with hegemony in RO, RR, and TO prison systems. The PCC expanded aggressively into the Amazon after the 2016 rupture with CV, seeking control of cocaine transit routes from Peru, Colombia, and Bolivia."
2024,1716109,Tocantins,Paraíso do Tocantins,CV,Comando Vermelho,All BLA states,0,1,"National faction originating from Rio de Janeiro's prison system (founded late 1970s). Decentralized governance that preserves local leadership structures, facilitating alliances with regional groups. After the 2016 conflict with PCC, CV allied with FDN to access the Solimões drug route and expanded rapidly through the Amazon prison system. Hegemonic in PA (Belém metro), AC, AM, and MA. Detected in 286 municipalities in 2025, present in all 9 states."
2024,1716109,Tocantins,Paraíso do Tocantins,PCC,Primeiro Comando da Capital,All BLA states,1,0,"National faction originating from São Paulo's prison system (founded 1993). Highly centralized hierarchy with leadership from SP/PR. Present in all 9 Amazonian states across all four editions. Detected in 90 municipalities in 2025, with hegemony in RO, RR, and TO prison systems. The PCC expanded aggressively into the Amazon after the 2016 rupture with CV, seeking control of cocaine transit routes from Peru, Colombia, and Bolivia."
2024,1720903,Tocantins,Taguatinga,Bonde Cangaço,Bonde do Cangaço,TO,0,0,Local group in Taguatinga (TO). Not listed among the active factions in 2025. Effectively defunct or below detection threshold.
2024,1721000,Tocantins,Palmas,CV,Comando Vermelho,All BLA states,0,1,"National faction originating from Rio de Janeiro's prison system (founded late 1970s). Decentralized governance that preserves local leadership structures, facilitating alliances with regional groups. After the 2016 conflict with PCC, CV allied with FDN to access the Solimões drug route and expanded rapidly through the Amazon prison system. Hegemonic in PA (Belém metro), AC, AM, and MA. Detected in 286 municipalities in 2025, present in all 9 states."
2024,1721000,Tocantins,Palmas,PCC,Primeiro Comando da Capital,All BLA states,1,0,"National faction originating from São Paulo's prison system (founded 1993). Highly centralized hierarchy with leadership from SP/PR. Present in all 9 Amazonian states across all four editions. Detected in 90 municipalities in 2025, with hegemony in RO, RR, and TO prison systems. The PCC expanded aggressively into the Amazon after the 2016 rupture with CV, seeking control of cocaine transit routes from Peru, Colombia, and Bolivia."
2024,1722107,Tocantins,Xambioá,CV,Comando Vermelho,All BLA states,0,1,"National faction originating from Rio de Janeiro's prison system (founded late 1970s). Decentralized governance that preserves local leadership structures, facilitating alliances with regional groups. After the 2016 conflict with PCC, CV allied with FDN to access the Solimões drug route and expanded rapidly through the Amazon prison system. Hegemonic in PA (Belém metro), AC, AM, and MA. Detected in 286 municipalities in 2025, present in all 9 states."
2024,2100055,Maranhão,Açailândia,CV,Comando Vermelho,All BLA states,0,1,"National faction originating from Rio de Janeiro's prison system (founded late 1970s). Decentralized governance that preserves local leadership structures, facilitating alliances with regional groups. After the 2016 conflict with PCC, CV allied with FDN to access the Solimões drug route and expanded rapidly through the Amazon prison system. Hegemonic in PA (Belém metro), AC, AM, and MA. Detected in 286 municipalities in 2025, present in all 9 states."
2024,2100055,Maranhão,Açailândia,PCC,Primeiro Comando da Capital,All BLA states,1,0,"National faction originating from São Paulo's prison system (founded 1993). Highly centralized hierarchy with leadership from SP/PR. Present in all 9 Amazonian states across all four editions. Detected in 90 municipalities in 2025, with hegemony in RO, RR, and TO prison systems. The PCC expanded aggressively into the Amazon after the 2016 rupture with CV, seeking control of cocaine transit routes from Peru, Colombia, and Bolivia."
2024,2100204,Maranhão,Alcântara,CV,Comando Vermelho,All BLA states,0,1,"National faction originating from Rio de Janeiro's prison system (founded late 1970s). Decentralized governance that preserves local leadership structures, facilitating alliances with regional groups. After the 2016 conflict with PCC, CV allied with FDN to access the Solimões drug route and expanded rapidly through the Amazon prison system. Hegemonic in PA (Belém metro), AC, AM, and MA. Detected in 286 municipalities in 2025, present in all 9 states."
2024,2100436,Maranhão,Alto Alegre do Maranhão,B40,Bonde dos 40,"MA, MT, PA",0,0,"Local faction from Maranhão, historically controlling the São Luís metropolitan region. One of the most durable regional factions in the BLA. Appears in coalitions with both CV and PCC across different municipalities — e.g., in São Luís alongside CV and PCM, but in Miranda do Norte alongside PCC. This dual co-occurrence pattern indicates B40 is a genuinely autonomous local power, not a satellite of either national faction. Expanded to Mato Grosso (Cáceres, Cuiabá, Várzea Grande) by 2024/2025. ADA (Amigos dos Amigos) from RJ operates as B40's associate in MA. Present in 26 municipalities in 2025, with 11 under exclusive control."
2024,2100436,Maranhão,Alto Alegre do Maranhão,CV,Comando Vermelho,All BLA states,0,1,"National faction originating from Rio de Janeiro's prison system (founded late 1970s). Decentralized governance that preserves local leadership structures, facilitating alliances with regional groups. After the 2016 conflict with PCC, CV allied with FDN to access the Solimões drug route and expanded rapidly through the Amazon prison system. Hegemonic in PA (Belém metro), AC, AM, and MA. Detected in 286 municipalities in 2025, present in all 9 states."
2024,2100436,Maranhão,Alto Alegre do Maranhão,PCC,Primeiro Comando da Capital,All BLA states,1,0,"National faction originating from São Paulo's prison system (founded 1993). Highly centralized hierarchy with leadership from SP/PR. Present in all 9 Amazonian states across all four editions. Detected in 90 municipalities in 2025, with hegemony in RO, RR, and TO prison systems. The PCC expanded aggressively into the Amazon after the 2016 rupture with CV, seeking control of cocaine transit routes from Peru, Colombia, and Bolivia."
2024,2100709,Maranhão,Anajatuba,B40,Bonde dos 40,"MA, MT, PA",0,0,"Local faction from Maranhão, historically controlling the São Luís metropolitan region. One of the most durable regional factions in the BLA. Appears in coalitions with both CV and PCC across different municipalities — e.g., in São Luís alongside CV and PCM, but in Miranda do Norte alongside PCC. This dual co-occurrence pattern indicates B40 is a genuinely autonomous local power, not a satellite of either national faction. Expanded to Mato Grosso (Cáceres, Cuiabá, Várzea Grande) by 2024/2025. ADA (Amigos dos Amigos) from RJ operates as B40's associate in MA. Present in 26 municipalities in 2025, with 11 under exclusive control."
2024,2100832,Maranhão,Apicum-Açu,CV,Comando Vermelho,All BLA states,0,1,"National faction originating from Rio de Janeiro's prison system (founded late 1970s). Decentralized governance that preserves local leadership structures, facilitating alliances with regional groups. After the 2016 conflict with PCC, CV allied with FDN to access the Solimões drug route and expanded rapidly through the Amazon prison system. Hegemonic in PA (Belém metro), AC, AM, and MA. Detected in 286 municipalities in 2025, present in all 9 states."
2024,2100956,Maranhão,Arame,B40,Bonde dos 40,"MA, MT, PA",0,0,"Local faction from Maranhão, historically controlling the São Luís metropolitan region. One of the most durable regional factions in the BLA. Appears in coalitions with both CV and PCC across different municipalities — e.g., in São Luís alongside CV and PCM, but in Miranda do Norte alongside PCC. This dual co-occurrence pattern indicates B40 is a genuinely autonomous local power, not a satellite of either national faction. Expanded to Mato Grosso (Cáceres, Cuiabá, Várzea Grande) by 2024/2025. ADA (Amigos dos Amigos) from RJ operates as B40's associate in MA. Present in 26 municipalities in 2025, with 11 under exclusive control."
2024,2100956,Maranhão,Arame,CV,Comando Vermelho,All BLA states,0,1,"National faction originating from Rio de Janeiro's prison system (founded late 1970s). Decentralized governance that preserves local leadership structures, facilitating alliances with regional groups. After the 2016 conflict with PCC, CV allied with FDN to access the Solimões drug route and expanded rapidly through the Amazon prison system. Hegemonic in PA (Belém metro), AC, AM, and MA. Detected in 286 municipalities in 2025, present in all 9 states."
2024,2101202,Maranhão,Bacabal,CV,Comando Vermelho,All BLA states,0,1,"National faction originating from Rio de Janeiro's prison system (founded late 1970s). Decentralized governance that preserves local leadership structures, facilitating alliances with regional groups. After the 2016 conflict with PCC, CV allied with FDN to access the Solimões drug route and expanded rapidly through the Amazon prison system. Hegemonic in PA (Belém metro), AC, AM, and MA. Detected in 286 municipalities in 2025, present in all 9 states."
2024,2101251,Maranhão,Bacabeira,PCC,Primeiro Comando da Capital,All BLA states,1,0,"National faction originating from São Paulo's prison system (founded 1993). Highly centralized hierarchy with leadership from SP/PR. Present in all 9 Amazonian states across all four editions. Detected in 90 municipalities in 2025, with hegemony in RO, RR, and TO prison systems. The PCC expanded aggressively into the Amazon after the 2016 rupture with CV, seeking control of cocaine transit routes from Peru, Colombia, and Bolivia."
2024,2101400,Maranhão,Balsas,CV,Comando Vermelho,All BLA states,0,1,"National faction originating from Rio de Janeiro's prison system (founded late 1970s). Decentralized governance that preserves local leadership structures, facilitating alliances with regional groups. After the 2016 conflict with PCC, CV allied with FDN to access the Solimões drug route and expanded rapidly through the Amazon prison system. Hegemonic in PA (Belém metro), AC, AM, and MA. Detected in 286 municipalities in 2025, present in all 9 states."
2024,2101608,Maranhão,Barra do Corda,PCC,Primeiro Comando da Capital,All BLA states,1,0,"National faction originating from São Paulo's prison system (founded 1993). Highly centralized hierarchy with leadership from SP/PR. Present in all 9 Amazonian states across all four editions. Detected in 90 municipalities in 2025, with hegemony in RO, RR, and TO prison systems. The PCC expanded aggressively into the Amazon after the 2016 rupture with CV, seeking control of cocaine transit routes from Peru, Colombia, and Bolivia."
2024,2101905,Maranhão,Bequimão,PCC,Primeiro Comando da Capital,All BLA states,1,0,"National faction originating from São Paulo's prison system (founded 1993). Highly centralized hierarchy with leadership from SP/PR. Present in all 9 Amazonian states across all four editions. Detected in 90 municipalities in 2025, with hegemony in RO, RR, and TO prison systems. The PCC expanded aggressively into the Amazon after the 2016 rupture with CV, seeking control of cocaine transit routes from Peru, Colombia, and Bolivia."
2024,2102002,Maranhão,Bom Jardim,CV,Comando Vermelho,All BLA states,0,1,"National faction originating from Rio de Janeiro's prison system (founded late 1970s). Decentralized governance that preserves local leadership structures, facilitating alliances with regional groups. After the 2016 conflict with PCC, CV allied with FDN to access the Solimões drug route and expanded rapidly through the Amazon prison system. Hegemonic in PA (Belém metro), AC, AM, and MA. Detected in 286 municipalities in 2025, present in all 9 states."
2024,2102002,Maranhão,Bom Jardim,GDE,Guardiões do Estado,PA,1,0,"Faction originating from Ceará, nationally allied with PCC. First detected in the Amazon in 2024, specifically in Castanhal (PA)."
2024,2102036,Maranhão,Bom Jesus das Selvas,CV,Comando Vermelho,All BLA states,0,1,"National faction originating from Rio de Janeiro's prison system (founded late 1970s). Decentralized governance that preserves local leadership structures, facilitating alliances with regional groups. After the 2016 conflict with PCC, CV allied with FDN to access the Solimões drug route and expanded rapidly through the Amazon prison system. Hegemonic in PA (Belém metro), AC, AM, and MA. Detected in 286 municipalities in 2025, present in all 9 states."
2024,2102036,Maranhão,Bom Jesus das Selvas,PCC,Primeiro Comando da Capital,All BLA states,1,0,"National faction originating from São Paulo's prison system (founded 1993). Highly centralized hierarchy with leadership from SP/PR. Present in all 9 Amazonian states across all four editions. Detected in 90 municipalities in 2025, with hegemony in RO, RR, and TO prison systems. The PCC expanded aggressively into the Amazon after the 2016 rupture with CV, seeking control of cocaine transit routes from Peru, Colombia, and Bolivia."
2024,2102325,Maranhão,Buriticupu,CV,Comando Vermelho,All BLA states,0,1,"National faction originating from Rio de Janeiro's prison system (founded late 1970s). Decentralized governance that preserves local leadership structures, facilitating alliances with regional groups. After the 2016 conflict with PCC, CV allied with FDN to access the Solimões drug route and expanded rapidly through the Amazon prison system. Hegemonic in PA (Belém metro), AC, AM, and MA. Detected in 286 municipalities in 2025, present in all 9 states."
2024,2102606,Maranhão,Cândido Mendes,CV,Comando Vermelho,All BLA states,0,1,"National faction originating from Rio de Janeiro's prison system (founded late 1970s). Decentralized governance that preserves local leadership structures, facilitating alliances with regional groups. After the 2016 conflict with PCC, CV allied with FDN to access the Solimões drug route and expanded rapidly through the Amazon prison system. Hegemonic in PA (Belém metro), AC, AM, and MA. Detected in 286 municipalities in 2025, present in all 9 states."
2024,2102606,Maranhão,Cândido Mendes,PCC,Primeiro Comando da Capital,All BLA states,1,0,"National faction originating from São Paulo's prison system (founded 1993). Highly centralized hierarchy with leadership from SP/PR. Present in all 9 Amazonian states across all four editions. Detected in 90 municipalities in 2025, with hegemony in RO, RR, and TO prison systems. The PCC expanded aggressively into the Amazon after the 2016 rupture with CV, seeking control of cocaine transit routes from Peru, Colombia, and Bolivia."
2024,2103307,Maranhão,Codó,CV,Comando Vermelho,All BLA states,0,1,"National faction originating from Rio de Janeiro's prison system (founded late 1970s). Decentralized governance that preserves local leadership structures, facilitating alliances with regional groups. After the 2016 conflict with PCC, CV allied with FDN to access the Solimões drug route and expanded rapidly through the Amazon prison system. Hegemonic in PA (Belém metro), AC, AM, and MA. Detected in 286 municipalities in 2025, present in all 9 states."
2024,2103307,Maranhão,Codó,PCC,Primeiro Comando da Capital,All BLA states,1,0,"National faction originating from São Paulo's prison system (founded 1993). Highly centralized hierarchy with leadership from SP/PR. Present in all 9 Amazonian states across all four editions. Detected in 90 municipalities in 2025, with hegemony in RO, RR, and TO prison systems. The PCC expanded aggressively into the Amazon after the 2016 rupture with CV, seeking control of cocaine transit routes from Peru, Colombia, and Bolivia."
2024,2103604,Maranhão,Coroatá,CV,Comando Vermelho,All BLA states,0,1,"National faction originating from Rio de Janeiro's prison system (founded late 1970s). Decentralized governance that preserves local leadership structures, facilitating alliances with regional groups. After the 2016 conflict with PCC, CV allied with FDN to access the Solimões drug route and expanded rapidly through the Amazon prison system. Hegemonic in PA (Belém metro), AC, AM, and MA. Detected in 286 municipalities in 2025, present in all 9 states."
2024,2103604,Maranhão,Coroatá,PCC,Primeiro Comando da Capital,All BLA states,1,0,"National faction originating from São Paulo's prison system (founded 1993). Highly centralized hierarchy with leadership from SP/PR. Present in all 9 Amazonian states across all four editions. Detected in 90 municipalities in 2025, with hegemony in RO, RR, and TO prison systems. The PCC expanded aggressively into the Amazon after the 2016 rupture with CV, seeking control of cocaine transit routes from Peru, Colombia, and Bolivia."
2024,2103703,Maranhão,Cururupu,PCC,Primeiro Comando da Capital,All BLA states,1,0,"National faction originating from São Paulo's prison system (founded 1993). Highly centralized hierarchy with leadership from SP/PR. Present in all 9 Amazonian states across all four editions. Detected in 90 municipalities in 2025, with hegemony in RO, RR, and TO prison systems. The PCC expanded aggressively into the Amazon after the 2016 rupture with CV, seeking control of cocaine transit routes from Peru, Colombia, and Bolivia."
2024,2103752,Maranhão,Davinópolis,CV,Comando Vermelho,All BLA states,0,1,"National faction originating from Rio de Janeiro's prison system (founded late 1970s). Decentralized governance that preserves local leadership structures, facilitating alliances with regional groups. After the 2016 conflict with PCC, CV allied with FDN to access the Solimões drug route and expanded rapidly through the Amazon prison system. Hegemonic in PA (Belém metro), AC, AM, and MA. Detected in 286 municipalities in 2025, present in all 9 states."
2024,2103752,Maranhão,Davinópolis,PCC,Primeiro Comando da Capital,All BLA states,1,0,"National faction originating from São Paulo's prison system (founded 1993). Highly centralized hierarchy with leadership from SP/PR. Present in all 9 Amazonian states across all four editions. Detected in 90 municipalities in 2025, with hegemony in RO, RR, and TO prison systems. The PCC expanded aggressively into the Amazon after the 2016 rupture with CV, seeking control of cocaine transit routes from Peru, Colombia, and Bolivia."
2024,2104057,Maranhão,Estreito,B40,Bonde dos 40,"MA, MT, PA",0,0,"Local faction from Maranhão, historically controlling the São Luís metropolitan region. One of the most durable regional factions in the BLA. Appears in coalitions with both CV and PCC across different municipalities — e.g., in São Luís alongside CV and PCM, but in Miranda do Norte alongside PCC. This dual co-occurrence pattern indicates B40 is a genuinely autonomous local power, not a satellite of either national faction. Expanded to Mato Grosso (Cáceres, Cuiabá, Várzea Grande) by 2024/2025. ADA (Amigos dos Amigos) from RJ operates as B40's associate in MA. Present in 26 municipalities in 2025, with 11 under exclusive control."
2024,2104800,Maranhão,Grajaú,CV,Comando Vermelho,All BLA states,0,1,"National faction originating from Rio de Janeiro's prison system (founded late 1970s). Decentralized governance that preserves local leadership structures, facilitating alliances with regional groups. After the 2016 conflict with PCC, CV allied with FDN to access the Solimões drug route and expanded rapidly through the Amazon prison system. Hegemonic in PA (Belém metro), AC, AM, and MA. Detected in 286 municipalities in 2025, present in all 9 states."
2024,2104909,Maranhão,Guimarães,B40,Bonde dos 40,"MA, MT, PA",0,0,"Local faction from Maranhão, historically controlling the São Luís metropolitan region. One of the most durable regional factions in the BLA. Appears in coalitions with both CV and PCC across different municipalities — e.g., in São Luís alongside CV and PCM, but in Miranda do Norte alongside PCC. This dual co-occurrence pattern indicates B40 is a genuinely autonomous local power, not a satellite of either national faction. Expanded to Mato Grosso (Cáceres, Cuiabá, Várzea Grande) by 2024/2025. ADA (Amigos dos Amigos) from RJ operates as B40's associate in MA. Present in 26 municipalities in 2025, with 11 under exclusive control."
2024,2105104,Maranhão,Icatu,B40,Bonde dos 40,"MA, MT, PA",0,0,"Local faction from Maranhão, historically controlling the São Luís metropolitan region. One of the most durable regional factions in the BLA. Appears in coalitions with both CV and PCC across different municipalities — e.g., in São Luís alongside CV and PCM, but in Miranda do Norte alongside PCC. This dual co-occurrence pattern indicates B40 is a genuinely autonomous local power, not a satellite of either national faction. Expanded to Mato Grosso (Cáceres, Cuiabá, Várzea Grande) by 2024/2025. ADA (Amigos dos Amigos) from RJ operates as B40's associate in MA. Present in 26 municipalities in 2025, with 11 under exclusive control."
2024,2105203,Maranhão,Igarapé Grande,CV,Comando Vermelho,All BLA states,0,1,"National faction originating from Rio de Janeiro's prison system (founded late 1970s). Decentralized governance that preserves local leadership structures, facilitating alliances with regional groups. After the 2016 conflict with PCC, CV allied with FDN to access the Solimões drug route and expanded rapidly through the Amazon prison system. Hegemonic in PA (Belém metro), AC, AM, and MA. Detected in 286 municipalities in 2025, present in all 9 states."
2024,2105203,Maranhão,Igarapé Grande,PCC,Primeiro Comando da Capital,All BLA states,1,0,"National faction originating from São Paulo's prison system (founded 1993). Highly centralized hierarchy with leadership from SP/PR. Present in all 9 Amazonian states across all four editions. Detected in 90 municipalities in 2025, with hegemony in RO, RR, and TO prison systems. The PCC expanded aggressively into the Amazon after the 2016 rupture with CV, seeking control of cocaine transit routes from Peru, Colombia, and Bolivia."
2024,2105302,Maranhão,Imperatriz,B40,Bonde dos 40,"MA, MT, PA",0,0,"Local faction from Maranhão, historically controlling the São Luís metropolitan region. One of the most durable regional factions in the BLA. Appears in coalitions with both CV and PCC across different municipalities — e.g., in São Luís alongside CV and PCM, but in Miranda do Norte alongside PCC. This dual co-occurrence pattern indicates B40 is a genuinely autonomous local power, not a satellite of either national faction. Expanded to Mato Grosso (Cáceres, Cuiabá, Várzea Grande) by 2024/2025. ADA (Amigos dos Amigos) from RJ operates as B40's associate in MA. Present in 26 municipalities in 2025, with 11 under exclusive control."
2024,2105302,Maranhão,Imperatriz,CV,Comando Vermelho,All BLA states,0,1,"National faction originating from Rio de Janeiro's prison system (founded late 1970s). Decentralized governance that preserves local leadership structures, facilitating alliances with regional groups. After the 2016 conflict with PCC, CV allied with FDN to access the Solimões drug route and expanded rapidly through the Amazon prison system. Hegemonic in PA (Belém metro), AC, AM, and MA. Detected in 286 municipalities in 2025, present in all 9 states."
2024,2105427,Maranhão,Itinga do Maranhão,CV,Comando Vermelho,All BLA states,0,1,"National faction originating from Rio de Janeiro's prison system (founded late 1970s). Decentralized governance that preserves local leadership structures, facilitating alliances with regional groups. After the 2016 conflict with PCC, CV allied with FDN to access the Solimões drug route and expanded rapidly through the Amazon prison system. Hegemonic in PA (Belém metro), AC, AM, and MA. Detected in 286 municipalities in 2025, present in all 9 states."
2024,2105427,Maranhão,Itinga do Maranhão,PCC,Primeiro Comando da Capital,All BLA states,1,0,"National faction originating from São Paulo's prison system (founded 1993). Highly centralized hierarchy with leadership from SP/PR. Present in all 9 Amazonian states across all four editions. Detected in 90 municipalities in 2025, with hegemony in RO, RR, and TO prison systems. The PCC expanded aggressively into the Amazon after the 2016 rupture with CV, seeking control of cocaine transit routes from Peru, Colombia, and Bolivia."
2024,2105500,Maranhão,João Lisboa,CV,Comando Vermelho,All BLA states,0,1,"National faction originating from Rio de Janeiro's prison system (founded late 1970s). Decentralized governance that preserves local leadership structures, facilitating alliances with regional groups. After the 2016 conflict with PCC, CV allied with FDN to access the Solimões drug route and expanded rapidly through the Amazon prison system. Hegemonic in PA (Belém metro), AC, AM, and MA. Detected in 286 municipalities in 2025, present in all 9 states."
2024,2105500,Maranhão,João Lisboa,PCC,Primeiro Comando da Capital,All BLA states,1,0,"National faction originating from São Paulo's prison system (founded 1993). Highly centralized hierarchy with leadership from SP/PR. Present in all 9 Amazonian states across all four editions. Detected in 90 municipalities in 2025, with hegemony in RO, RR, and TO prison systems. The PCC expanded aggressively into the Amazon after the 2016 rupture with CV, seeking control of cocaine transit routes from Peru, Colombia, and Bolivia."
2024,2106631,Maranhão,Matões do Norte,B40,Bonde dos 40,"MA, MT, PA",0,0,"Local faction from Maranhão, historically controlling the São Luís metropolitan region. One of the most durable regional factions in the BLA. Appears in coalitions with both CV and PCC across different municipalities — e.g., in São Luís alongside CV and PCM, but in Miranda do Norte alongside PCC. This dual co-occurrence pattern indicates B40 is a genuinely autonomous local power, not a satellite of either national faction. Expanded to Mato Grosso (Cáceres, Cuiabá, Várzea Grande) by 2024/2025. ADA (Amigos dos Amigos) from RJ operates as B40's associate in MA. Present in 26 municipalities in 2025, with 11 under exclusive control."
2024,2106805,Maranhão,Mirinzal,CV,Comando Vermelho,All BLA states,0,1,"National faction originating from Rio de Janeiro's prison system (founded late 1970s). Decentralized governance that preserves local leadership structures, facilitating alliances with regional groups. After the 2016 conflict with PCC, CV allied with FDN to access the Solimões drug route and expanded rapidly through the Amazon prison system. Hegemonic in PA (Belém metro), AC, AM, and MA. Detected in 286 municipalities in 2025, present in all 9 states."
2024,2106805,Maranhão,Mirinzal,PCM,Primeiro Comando do Maranhão,MA,0,1,Local faction that historically controlled interior Maranhão. Allied with CV in Maranhão. Present in 6 municipalities in 2025.
2024,2107506,Maranhão,Paço do Lumiar,B40,Bonde dos 40,"MA, MT, PA",0,0,"Local faction from Maranhão, historically controlling the São Luís metropolitan region. One of the most durable regional factions in the BLA. Appears in coalitions with both CV and PCC across different municipalities — e.g., in São Luís alongside CV and PCM, but in Miranda do Norte alongside PCC. This dual co-occurrence pattern indicates B40 is a genuinely autonomous local power, not a satellite of either national faction. Expanded to Mato Grosso (Cáceres, Cuiabá, Várzea Grande) by 2024/2025. ADA (Amigos dos Amigos) from RJ operates as B40's associate in MA. Present in 26 municipalities in 2025, with 11 under exclusive control."
2024,2107506,Maranhão,Paço do Lumiar,CV,Comando Vermelho,All BLA states,0,1,"National faction originating from Rio de Janeiro's prison system (founded late 1970s). Decentralized governance that preserves local leadership structures, facilitating alliances with regional groups. After the 2016 conflict with PCC, CV allied with FDN to access the Solimões drug route and expanded rapidly through the Amazon prison system. Hegemonic in PA (Belém metro), AC, AM, and MA. Detected in 286 municipalities in 2025, present in all 9 states."
2024,2108207,Maranhão,Pedreiras,B40,Bonde dos 40,"MA, MT, PA",0,0,"Local faction from Maranhão, historically controlling the São Luís metropolitan region. One of the most durable regional factions in the BLA. Appears in coalitions with both CV and PCC across different municipalities — e.g., in São Luís alongside CV and PCM, but in Miranda do Norte alongside PCC. This dual co-occurrence pattern indicates B40 is a genuinely autonomous local power, not a satellite of either national faction. Expanded to Mato Grosso (Cáceres, Cuiabá, Várzea Grande) by 2024/2025. ADA (Amigos dos Amigos) from RJ operates as B40's associate in MA. Present in 26 municipalities in 2025, with 11 under exclusive control."
2024,2108207,Maranhão,Pedreiras,CV,Comando Vermelho,All BLA states,0,1,"National faction originating from Rio de Janeiro's prison system (founded late 1970s). Decentralized governance that preserves local leadership structures, facilitating alliances with regional groups. After the 2016 conflict with PCC, CV allied with FDN to access the Solimões drug route and expanded rapidly through the Amazon prison system. Hegemonic in PA (Belém metro), AC, AM, and MA. Detected in 286 municipalities in 2025, present in all 9 states."
2024,2108207,Maranhão,Pedreiras,PCM,Primeiro Comando do Maranhão,MA,0,1,Local faction that historically controlled interior Maranhão. Allied with CV in Maranhão. Present in 6 municipalities in 2025.
2024,2108256,Maranhão,Pedro do Rosário,B40,Bonde dos 40,"MA, MT, PA",0,0,"Local faction from Maranhão, historically controlling the São Luís metropolitan region. One of the most durable regional factions in the BLA. Appears in coalitions with both CV and PCC across different municipalities — e.g., in São Luís alongside CV and PCM, but in Miranda do Norte alongside PCC. This dual co-occurrence pattern indicates B40 is a genuinely autonomous local power, not a satellite of either national faction. Expanded to Mato Grosso (Cáceres, Cuiabá, Várzea Grande) by 2024/2025. ADA (Amigos dos Amigos) from RJ operates as B40's associate in MA. Present in 26 municipalities in 2025, with 11 under exclusive control."
2024,2108256,Maranhão,Pedro do Rosário,PCC,Primeiro Comando da Capital,All BLA states,1,0,"National faction originating from São Paulo's prison system (founded 1993). Highly centralized hierarchy with leadership from SP/PR. Present in all 9 Amazonian states across all four editions. Detected in 90 municipalities in 2025, with hegemony in RO, RR, and TO prison systems. The PCC expanded aggressively into the Amazon after the 2016 rupture with CV, seeking control of cocaine transit routes from Peru, Colombia, and Bolivia."
2024,2108306,Maranhão,Penalva,CV,Comando Vermelho,All BLA states,0,1,"National faction originating from Rio de Janeiro's prison system (founded late 1970s). Decentralized governance that preserves local leadership structures, facilitating alliances with regional groups. After the 2016 conflict with PCC, CV allied with FDN to access the Solimões drug route and expanded rapidly through the Amazon prison system. Hegemonic in PA (Belém metro), AC, AM, and MA. Detected in 286 municipalities in 2025, present in all 9 states."
2024,2108603,Maranhão,Pinheiro,B40,Bonde dos 40,"MA, MT, PA",0,0,"Local faction from Maranhão, historically controlling the São Luís metropolitan region. One of the most durable regional factions in the BLA. Appears in coalitions with both CV and PCC across different municipalities — e.g., in São Luís alongside CV and PCM, but in Miranda do Norte alongside PCC. This dual co-occurrence pattern indicates B40 is a genuinely autonomous local power, not a satellite of either national faction. Expanded to Mato Grosso (Cáceres, Cuiabá, Várzea Grande) by 2024/2025. ADA (Amigos dos Amigos) from RJ operates as B40's associate in MA. Present in 26 municipalities in 2025, with 11 under exclusive control."
2024,2108603,Maranhão,Pinheiro,PCC,Primeiro Comando da Capital,All BLA states,1,0,"National faction originating from São Paulo's prison system (founded 1993). Highly centralized hierarchy with leadership from SP/PR. Present in all 9 Amazonian states across all four editions. Detected in 90 municipalities in 2025, with hegemony in RO, RR, and TO prison systems. The PCC expanded aggressively into the Amazon after the 2016 rupture with CV, seeking control of cocaine transit routes from Peru, Colombia, and Bolivia."
2024,2109007,Maranhão,Porto Franco,B40,Bonde dos 40,"MA, MT, PA",0,0,"Local faction from Maranhão, historically controlling the São Luís metropolitan region. One of the most durable regional factions in the BLA. Appears in coalitions with both CV and PCC across different municipalities — e.g., in São Luís alongside CV and PCM, but in Miranda do Norte alongside PCC. This dual co-occurrence pattern indicates B40 is a genuinely autonomous local power, not a satellite of either national faction. Expanded to Mato Grosso (Cáceres, Cuiabá, Várzea Grande) by 2024/2025. ADA (Amigos dos Amigos) from RJ operates as B40's associate in MA. Present in 26 municipalities in 2025, with 11 under exclusive control."
2024,2109452,Maranhão,Raposa,B40,Bonde dos 40,"MA, MT, PA",0,0,"Local faction from Maranhão, historically controlling the São Luís metropolitan region. One of the most durable regional factions in the BLA. Appears in coalitions with both CV and PCC across different municipalities — e.g., in São Luís alongside CV and PCM, but in Miranda do Norte alongside PCC. This dual co-occurrence pattern indicates B40 is a genuinely autonomous local power, not a satellite of either national faction. Expanded to Mato Grosso (Cáceres, Cuiabá, Várzea Grande) by 2024/2025. ADA (Amigos dos Amigos) from RJ operates as B40's associate in MA. Present in 26 municipalities in 2025, with 11 under exclusive control."
2024,2109601,Maranhão,Rosário,B40,Bonde dos 40,"MA, MT, PA",0,0,"Local faction from Maranhão, historically controlling the São Luís metropolitan region. One of the most durable regional factions in the BLA. Appears in coalitions with both CV and PCC across different municipalities — e.g., in São Luís alongside CV and PCM, but in Miranda do Norte alongside PCC. This dual co-occurrence pattern indicates B40 is a genuinely autonomous local power, not a satellite of either national faction. Expanded to Mato Grosso (Cáceres, Cuiabá, Várzea Grande) by 2024/2025. ADA (Amigos dos Amigos) from RJ operates as B40's associate in MA. Present in 26 municipalities in 2025, with 11 under exclusive control."
2024,2109809,Maranhão,Santa Helena,CV,Comando Vermelho,All BLA states,0,1,"National faction originating from Rio de Janeiro's prison system (founded late 1970s). Decentralized governance that preserves local leadership structures, facilitating alliances with regional groups. After the 2016 conflict with PCC, CV allied with FDN to access the Solimões drug route and expanded rapidly through the Amazon prison system. Hegemonic in PA (Belém metro), AC, AM, and MA. Detected in 286 municipalities in 2025, present in all 9 states."
2024,2109908,Maranhão,Santa Inês,B40,Bonde dos 40,"MA, MT, PA",0,0,"Local faction from Maranhão, historically controlling the São Luís metropolitan region. One of the most durable regional factions in the BLA. Appears in coalitions with both CV and PCC across different municipalities — e.g., in São Luís alongside CV and PCM, but in Miranda do Norte alongside PCC. This dual co-occurrence pattern indicates B40 is a genuinely autonomous local power, not a satellite of either national faction. Expanded to Mato Grosso (Cáceres, Cuiabá, Várzea Grande) by 2024/2025. ADA (Amigos dos Amigos) from RJ operates as B40's associate in MA. Present in 26 municipalities in 2025, with 11 under exclusive control."
2024,2109908,Maranhão,Santa Inês,CV,Comando Vermelho,All BLA states,0,1,"National faction originating from Rio de Janeiro's prison system (founded late 1970s). Decentralized governance that preserves local leadership structures, facilitating alliances with regional groups. After the 2016 conflict with PCC, CV allied with FDN to access the Solimões drug route and expanded rapidly through the Amazon prison system. Hegemonic in PA (Belém metro), AC, AM, and MA. Detected in 286 municipalities in 2025, present in all 9 states."
2024,2109908,Maranhão,Santa Inês,PCC,Primeiro Comando da Capital,All BLA states,1,0,"National faction originating from São Paulo's prison system (founded 1993). Highly centralized hierarchy with leadership from SP/PR. Present in all 9 Amazonian states across all four editions. Detected in 90 municipalities in 2025, with hegemony in RO, RR, and TO prison systems. The PCC expanded aggressively into the Amazon after the 2016 rupture with CV, seeking control of cocaine transit routes from Peru, Colombia, and Bolivia."
2024,2110500,Maranhão,São Bento,B40,Bonde dos 40,"MA, MT, PA",0,0,"Local faction from Maranhão, historically controlling the São Luís metropolitan region. One of the most durable regional factions in the BLA. Appears in coalitions with both CV and PCC across different municipalities — e.g., in São Luís alongside CV and PCM, but in Miranda do Norte alongside PCC. This dual co-occurrence pattern indicates B40 is a genuinely autonomous local power, not a satellite of either national faction. Expanded to Mato Grosso (Cáceres, Cuiabá, Várzea Grande) by 2024/2025. ADA (Amigos dos Amigos) from RJ operates as B40's associate in MA. Present in 26 municipalities in 2025, with 11 under exclusive control."
2024,2111052,Maranhão,São João do Paraíso,CV,Comando Vermelho,All BLA states,0,1,"National faction originating from Rio de Janeiro's prison system (founded late 1970s). Decentralized governance that preserves local leadership structures, facilitating alliances with regional groups. After the 2016 conflict with PCC, CV allied with FDN to access the Solimões drug route and expanded rapidly through the Amazon prison system. Hegemonic in PA (Belém metro), AC, AM, and MA. Detected in 286 municipalities in 2025, present in all 9 states."
2024,2111201,Maranhão,São José de Ribamar,B40,Bonde dos 40,"MA, MT, PA",0,0,"Local faction from Maranhão, historically controlling the São Luís metropolitan region. One of the most durable regional factions in the BLA. Appears in coalitions with both CV and PCC across different municipalities — e.g., in São Luís alongside CV and PCM, but in Miranda do Norte alongside PCC. This dual co-occurrence pattern indicates B40 is a genuinely autonomous local power, not a satellite of either national faction. Expanded to Mato Grosso (Cáceres, Cuiabá, Várzea Grande) by 2024/2025. ADA (Amigos dos Amigos) from RJ operates as B40's associate in MA. Present in 26 municipalities in 2025, with 11 under exclusive control."
2024,2111201,Maranhão,São José de Ribamar,CV,Comando Vermelho,All BLA states,0,1,"National faction originating from Rio de Janeiro's prison system (founded late 1970s). Decentralized governance that preserves local leadership structures, facilitating alliances with regional groups. After the 2016 conflict with PCC, CV allied with FDN to access the Solimões drug route and expanded rapidly through the Amazon prison system. Hegemonic in PA (Belém metro), AC, AM, and MA. Detected in 286 municipalities in 2025, present in all 9 states."
2024,2111201,Maranhão,São José de Ribamar,PCM,Primeiro Comando do Maranhão,MA,0,1,Local faction that historically controlled interior Maranhão. Allied with CV in Maranhão. Present in 6 municipalities in 2025.
2024,2111300,Maranhão,São Luís,B40,Bonde dos 40,"MA, MT, PA",0,0,"Local faction from Maranhão, historically controlling the São Luís metropolitan region. One of the most durable regional factions in the BLA. Appears in coalitions with both CV and PCC across different municipalities — e.g., in São Luís alongside CV and PCM, but in Miranda do Norte alongside PCC. This dual co-occurrence pattern indicates B40 is a genuinely autonomous local power, not a satellite of either national faction. Expanded to Mato Grosso (Cáceres, Cuiabá, Várzea Grande) by 2024/2025. ADA (Amigos dos Amigos) from RJ operates as B40's associate in MA. Present in 26 municipalities in 2025, with 11 under exclusive control."
2024,2111300,Maranhão,São Luís,CV,Comando Vermelho,All BLA states,0,1,"National faction originating from Rio de Janeiro's prison system (founded late 1970s). Decentralized governance that preserves local leadership structures, facilitating alliances with regional groups. After the 2016 conflict with PCC, CV allied with FDN to access the Solimões drug route and expanded rapidly through the Amazon prison system. Hegemonic in PA (Belém metro), AC, AM, and MA. Detected in 286 municipalities in 2025, present in all 9 states."
2024,2111300,Maranhão,São Luís,PCM,Primeiro Comando do Maranhão,MA,0,1,Local faction that historically controlled interior Maranhão. Allied with CV in Maranhão. Present in 6 municipalities in 2025.
2024,2111706,Maranhão,São Vicente Ferrer,B40,Bonde dos 40,"MA, MT, PA",0,0,"Local faction from Maranhão, historically controlling the São Luís metropolitan region. One of the most durable regional factions in the BLA. Appears in coalitions with both CV and PCC across different municipalities — e.g., in São Luís alongside CV and PCM, but in Miranda do Norte alongside PCC. This dual co-occurrence pattern indicates B40 is a genuinely autonomous local power, not a satellite of either national faction. Expanded to Mato Grosso (Cáceres, Cuiabá, Várzea Grande) by 2024/2025. ADA (Amigos dos Amigos) from RJ operates as B40's associate in MA. Present in 26 municipalities in 2025, with 11 under exclusive control."
2024,2111706,Maranhão,São Vicente Ferrer,CV,Comando Vermelho,All BLA states,0,1,"National faction originating from Rio de Janeiro's prison system (founded late 1970s). Decentralized governance that preserves local leadership structures, facilitating alliances with regional groups. After the 2016 conflict with PCC, CV allied with FDN to access the Solimões drug route and expanded rapidly through the Amazon prison system. Hegemonic in PA (Belém metro), AC, AM, and MA. Detected in 286 municipalities in 2025, present in all 9 states."
2024,2111763,Maranhão,Senador La Rocque,CV,Comando Vermelho,All BLA states,0,1,"National faction originating from Rio de Janeiro's prison system (founded late 1970s). Decentralized governance that preserves local leadership structures, facilitating alliances with regional groups. After the 2016 conflict with PCC, CV allied with FDN to access the Solimões drug route and expanded rapidly through the Amazon prison system. Hegemonic in PA (Belém metro), AC, AM, and MA. Detected in 286 municipalities in 2025, present in all 9 states."
2024,2112456,Maranhão,Turilândia,B40,Bonde dos 40,"MA, MT, PA",0,0,"Local faction from Maranhão, historically controlling the São Luís metropolitan region. One of the most durable regional factions in the BLA. Appears in coalitions with both CV and PCC across different municipalities — e.g., in São Luís alongside CV and PCM, but in Miranda do Norte alongside PCC. This dual co-occurrence pattern indicates B40 is a genuinely autonomous local power, not a satellite of either national faction. Expanded to Mato Grosso (Cáceres, Cuiabá, Várzea Grande) by 2024/2025. ADA (Amigos dos Amigos) from RJ operates as B40's associate in MA. Present in 26 municipalities in 2025, with 11 under exclusive control."
2024,2112456,Maranhão,Turilândia,CV,Comando Vermelho,All BLA states,0,1,"National faction originating from Rio de Janeiro's prison system (founded late 1970s). Decentralized governance that preserves local leadership structures, facilitating alliances with regional groups. After the 2016 conflict with PCC, CV allied with FDN to access the Solimões drug route and expanded rapidly through the Amazon prison system. Hegemonic in PA (Belém metro), AC, AM, and MA. Detected in 286 municipalities in 2025, present in all 9 states."
2024,2112803,Maranhão,Viana,B40,Bonde dos 40,"MA, MT, PA",0,0,"Local faction from Maranhão, historically controlling the São Luís metropolitan region. One of the most durable regional factions in the BLA. Appears in coalitions with both CV and PCC across different municipalities — e.g., in São Luís alongside CV and PCM, but in Miranda do Norte alongside PCC. This dual co-occurrence pattern indicates B40 is a genuinely autonomous local power, not a satellite of either national faction. Expanded to Mato Grosso (Cáceres, Cuiabá, Várzea Grande) by 2024/2025. ADA (Amigos dos Amigos) from RJ operates as B40's associate in MA. Present in 26 municipalities in 2025, with 11 under exclusive control."
2024,2112803,Maranhão,Viana,CV,Comando Vermelho,All BLA states,0,1,"National faction originating from Rio de Janeiro's prison system (founded late 1970s). Decentralized governance that preserves local leadership structures, facilitating alliances with regional groups. After the 2016 conflict with PCC, CV allied with FDN to access the Solimões drug route and expanded rapidly through the Amazon prison system. Hegemonic in PA (Belém metro), AC, AM, and MA. Detected in 286 municipalities in 2025, present in all 9 states."
2024,5100250,Mato Grosso,Alta Floresta,CV,Comando Vermelho,All BLA states,0,1,"National faction originating from Rio de Janeiro's prison system (founded late 1970s). Decentralized governance that preserves local leadership structures, facilitating alliances with regional groups. After the 2016 conflict with PCC, CV allied with FDN to access the Solimões drug route and expanded rapidly through the Amazon prison system. Hegemonic in PA (Belém metro), AC, AM, and MA. Detected in 286 municipalities in 2025, present in all 9 states."
2024,5100250,Mato Grosso,Alta Floresta,PCC,Primeiro Comando da Capital,All BLA states,1,0,"National faction originating from São Paulo's prison system (founded 1993). Highly centralized hierarchy with leadership from SP/PR. Present in all 9 Amazonian states across all four editions. Detected in 90 municipalities in 2025, with hegemony in RO, RR, and TO prison systems. The PCC expanded aggressively into the Amazon after the 2016 rupture with CV, seeking control of cocaine transit routes from Peru, Colombia, and Bolivia."
2024,5100508,Mato Grosso,Alto Paraguai,Tropa Castelar,Tropa do Castelar,MT,1,0,"Local group from Mato Grosso. Named after a neighborhood in Várzea Grande (MT). Present in 5 municipalities in 2025, exclusively controlling 2 (Alto Paraguai, Nova Maringá). In conflict with CV since 2023, and aligned to PCC."
2024,5101001,Mato Grosso,Araguaiana,CV,Comando Vermelho,All BLA states,0,1,"National faction originating from Rio de Janeiro's prison system (founded late 1970s). Decentralized governance that preserves local leadership structures, facilitating alliances with regional groups. After the 2016 conflict with PCC, CV allied with FDN to access the Solimões drug route and expanded rapidly through the Amazon prison system. Hegemonic in PA (Belém metro), AC, AM, and MA. Detected in 286 municipalities in 2025, present in all 9 states."
2024,5101308,Mato Grosso,Arenápolis,CV,Comando Vermelho,All BLA states,0,1,"National faction originating from Rio de Janeiro's prison system (founded late 1970s). Decentralized governance that preserves local leadership structures, facilitating alliances with regional groups. After the 2016 conflict with PCC, CV allied with FDN to access the Solimões drug route and expanded rapidly through the Amazon prison system. Hegemonic in PA (Belém metro), AC, AM, and MA. Detected in 286 municipalities in 2025, present in all 9 states."
2024,5101407,Mato Grosso,Aripuanã,CV,Comando Vermelho,All BLA states,0,1,"National faction originating from Rio de Janeiro's prison system (founded late 1970s). Decentralized governance that preserves local leadership structures, facilitating alliances with regional groups. After the 2016 conflict with PCC, CV allied with FDN to access the Solimões drug route and expanded rapidly through the Amazon prison system. Hegemonic in PA (Belém metro), AC, AM, and MA. Detected in 286 municipalities in 2025, present in all 9 states."
2024,5101704,Mato Grosso,Barra do Bugres,CV,Comando Vermelho,All BLA states,0,1,"National faction originating from Rio de Janeiro's prison system (founded late 1970s). Decentralized governance that preserves local leadership structures, facilitating alliances with regional groups. After the 2016 conflict with PCC, CV allied with FDN to access the Solimões drug route and expanded rapidly through the Amazon prison system. Hegemonic in PA (Belém metro), AC, AM, and MA. Detected in 286 municipalities in 2025, present in all 9 states."
2024,5101704,Mato Grosso,Barra do Bugres,PCC,Primeiro Comando da Capital,All BLA states,1,0,"National faction originating from São Paulo's prison system (founded 1993). Highly centralized hierarchy with leadership from SP/PR. Present in all 9 Amazonian states across all four editions. Detected in 90 municipalities in 2025, with hegemony in RO, RR, and TO prison systems. The PCC expanded aggressively into the Amazon after the 2016 rupture with CV, seeking control of cocaine transit routes from Peru, Colombia, and Bolivia."
2024,5102504,Mato Grosso,Cáceres,B40,Bonde dos 40,"MA, MT, PA",0,0,"Local faction from Maranhão, historically controlling the São Luís metropolitan region. One of the most durable regional factions in the BLA. Appears in coalitions with both CV and PCC across different municipalities — e.g., in São Luís alongside CV and PCM, but in Miranda do Norte alongside PCC. This dual co-occurrence pattern indicates B40 is a genuinely autonomous local power, not a satellite of either national faction. Expanded to Mato Grosso (Cáceres, Cuiabá, Várzea Grande) by 2024/2025. ADA (Amigos dos Amigos) from RJ operates as B40's associate in MA. Present in 26 municipalities in 2025, with 11 under exclusive control."
2024,5102504,Mato Grosso,Cáceres,CV,Comando Vermelho,All BLA states,0,1,"National faction originating from Rio de Janeiro's prison system (founded late 1970s). Decentralized governance that preserves local leadership structures, facilitating alliances with regional groups. After the 2016 conflict with PCC, CV allied with FDN to access the Solimões drug route and expanded rapidly through the Amazon prison system. Hegemonic in PA (Belém metro), AC, AM, and MA. Detected in 286 municipalities in 2025, present in all 9 states."
2024,5102504,Mato Grosso,Cáceres,PCC,Primeiro Comando da Capital,All BLA states,1,0,"National faction originating from São Paulo's prison system (founded 1993). Highly centralized hierarchy with leadership from SP/PR. Present in all 9 Amazonian states across all four editions. Detected in 90 municipalities in 2025, with hegemony in RO, RR, and TO prison systems. The PCC expanded aggressively into the Amazon after the 2016 rupture with CV, seeking control of cocaine transit routes from Peru, Colombia, and Bolivia."
2024,5102637,Mato Grosso,Campo Novo do Parecis,CV,Comando Vermelho,All BLA states,0,1,"National faction originating from Rio de Janeiro's prison system (founded late 1970s). Decentralized governance that preserves local leadership structures, facilitating alliances with regional groups. After the 2016 conflict with PCC, CV allied with FDN to access the Solimões drug route and expanded rapidly through the Amazon prison system. Hegemonic in PA (Belém metro), AC, AM, and MA. Detected in 286 municipalities in 2025, present in all 9 states."
2024,5103353,Mato Grosso,Confresa,CV,Comando Vermelho,All BLA states,0,1,"National faction originating from Rio de Janeiro's prison system (founded late 1970s). Decentralized governance that preserves local leadership structures, facilitating alliances with regional groups. After the 2016 conflict with PCC, CV allied with FDN to access the Solimões drug route and expanded rapidly through the Amazon prison system. Hegemonic in PA (Belém metro), AC, AM, and MA. Detected in 286 municipalities in 2025, present in all 9 states."
2024,5103403,Mato Grosso,Cuiabá,B40,Bonde dos 40,"MA, MT, PA",0,0,"Local faction from Maranhão, historically controlling the São Luís metropolitan region. One of the most durable regional factions in the BLA. Appears in coalitions with both CV and PCC across different municipalities — e.g., in São Luís alongside CV and PCM, but in Miranda do Norte alongside PCC. This dual co-occurrence pattern indicates B40 is a genuinely autonomous local power, not a satellite of either national faction. Expanded to Mato Grosso (Cáceres, Cuiabá, Várzea Grande) by 2024/2025. ADA (Amigos dos Amigos) from RJ operates as B40's associate in MA. Present in 26 municipalities in 2025, with 11 under exclusive control."
2024,5103403,Mato Grosso,Cuiabá,CV,Comando Vermelho,All BLA states,0,1,"National faction originating from Rio de Janeiro's prison system (founded late 1970s). Decentralized governance that preserves local leadership structures, facilitating alliances with regional groups. After the 2016 conflict with PCC, CV allied with FDN to access the Solimões drug route and expanded rapidly through the Amazon prison system. Hegemonic in PA (Belém metro), AC, AM, and MA. Detected in 286 municipalities in 2025, present in all 9 states."
2024,5103502,Mato Grosso,Diamantino,CV,Comando Vermelho,All BLA states,0,1,"National faction originating from Rio de Janeiro's prison system (founded late 1970s). Decentralized governance that preserves local leadership structures, facilitating alliances with regional groups. After the 2016 conflict with PCC, CV allied with FDN to access the Solimões drug route and expanded rapidly through the Amazon prison system. Hegemonic in PA (Belém metro), AC, AM, and MA. Detected in 286 municipalities in 2025, present in all 9 states."
2024,5103957,Mato Grosso,Glória D'Oeste,CV,Comando Vermelho,All BLA states,0,1,"National faction originating from Rio de Janeiro's prison system (founded late 1970s). Decentralized governance that preserves local leadership structures, facilitating alliances with regional groups. After the 2016 conflict with PCC, CV allied with FDN to access the Solimões drug route and expanded rapidly through the Amazon prison system. Hegemonic in PA (Belém metro), AC, AM, and MA. Detected in 286 municipalities in 2025, present in all 9 states."
2024,5104203,Mato Grosso,Guiratinga,CV,Comando Vermelho,All BLA states,0,1,"National faction originating from Rio de Janeiro's prison system (founded late 1970s). Decentralized governance that preserves local leadership structures, facilitating alliances with regional groups. After the 2016 conflict with PCC, CV allied with FDN to access the Solimões drug route and expanded rapidly through the Amazon prison system. Hegemonic in PA (Belém metro), AC, AM, and MA. Detected in 286 municipalities in 2025, present in all 9 states."
2024,5104526,Mato Grosso,Ipiranga do Norte,CV,Comando Vermelho,All BLA states,0,1,"National faction originating from Rio de Janeiro's prison system (founded late 1970s). Decentralized governance that preserves local leadership structures, facilitating alliances with regional groups. After the 2016 conflict with PCC, CV allied with FDN to access the Solimões drug route and expanded rapidly through the Amazon prison system. Hegemonic in PA (Belém metro), AC, AM, and MA. Detected in 286 municipalities in 2025, present in all 9 states."
2024,5104542,Mato Grosso,Itanhangá,CV,Comando Vermelho,All BLA states,0,1,"National faction originating from Rio de Janeiro's prison system (founded late 1970s). Decentralized governance that preserves local leadership structures, facilitating alliances with regional groups. After the 2016 conflict with PCC, CV allied with FDN to access the Solimões drug route and expanded rapidly through the Amazon prison system. Hegemonic in PA (Belém metro), AC, AM, and MA. Detected in 286 municipalities in 2025, present in all 9 states."
2024,5104906,Mato Grosso,Jangada,CV,Comando Vermelho,All BLA states,0,1,"National faction originating from Rio de Janeiro's prison system (founded late 1970s). Decentralized governance that preserves local leadership structures, facilitating alliances with regional groups. After the 2016 conflict with PCC, CV allied with FDN to access the Solimões drug route and expanded rapidly through the Amazon prison system. Hegemonic in PA (Belém metro), AC, AM, and MA. Detected in 286 municipalities in 2025, present in all 9 states."
2024,5105150,Mato Grosso,Juína,CV,Comando Vermelho,All BLA states,0,1,"National faction originating from Rio de Janeiro's prison system (founded late 1970s). Decentralized governance that preserves local leadership structures, facilitating alliances with regional groups. After the 2016 conflict with PCC, CV allied with FDN to access the Solimões drug route and expanded rapidly through the Amazon prison system. Hegemonic in PA (Belém metro), AC, AM, and MA. Detected in 286 municipalities in 2025, present in all 9 states."
2024,5105150,Mato Grosso,Juína,PCC,Primeiro Comando da Capital,All BLA states,1,0,"National faction originating from São Paulo's prison system (founded 1993). Highly centralized hierarchy with leadership from SP/PR. Present in all 9 Amazonian states across all four editions. Detected in 90 municipalities in 2025, with hegemony in RO, RR, and TO prison systems. The PCC expanded aggressively into the Amazon after the 2016 rupture with CV, seeking control of cocaine transit routes from Peru, Colombia, and Bolivia."
2024,5105259,Mato Grosso,Lucas do Rio Verde,CV,Comando Vermelho,All BLA states,0,1,"National faction originating from Rio de Janeiro's prison system (founded late 1970s). Decentralized governance that preserves local leadership structures, facilitating alliances with regional groups. After the 2016 conflict with PCC, CV allied with FDN to access the Solimões drug route and expanded rapidly through the Amazon prison system. Hegemonic in PA (Belém metro), AC, AM, and MA. Detected in 286 municipalities in 2025, present in all 9 states."
2024,5105259,Mato Grosso,Lucas do Rio Verde,PCC,Primeiro Comando da Capital,All BLA states,1,0,"National faction originating from São Paulo's prison system (founded 1993). Highly centralized hierarchy with leadership from SP/PR. Present in all 9 Amazonian states across all four editions. Detected in 90 municipalities in 2025, with hegemony in RO, RR, and TO prison systems. The PCC expanded aggressively into the Amazon after the 2016 rupture with CV, seeking control of cocaine transit routes from Peru, Colombia, and Bolivia."
2024,5105507,Mato Grosso,Vila Bela da Santíssima Trindade,CV,Comando Vermelho,All BLA states,0,1,"National faction originating from Rio de Janeiro's prison system (founded late 1970s). Decentralized governance that preserves local leadership structures, facilitating alliances with regional groups. After the 2016 conflict with PCC, CV allied with FDN to access the Solimões drug route and expanded rapidly through the Amazon prison system. Hegemonic in PA (Belém metro), AC, AM, and MA. Detected in 286 municipalities in 2025, present in all 9 states."
2024,5105507,Mato Grosso,Vila Bela da Santíssima Trindade,PCC,Primeiro Comando da Capital,All BLA states,1,0,"National faction originating from São Paulo's prison system (founded 1993). Highly centralized hierarchy with leadership from SP/PR. Present in all 9 Amazonian states across all four editions. Detected in 90 municipalities in 2025, with hegemony in RO, RR, and TO prison systems. The PCC expanded aggressively into the Amazon after the 2016 rupture with CV, seeking control of cocaine transit routes from Peru, Colombia, and Bolivia."
2024,5105622,Mato Grosso,Mirassol d'Oeste,CV,Comando Vermelho,All BLA states,0,1,"National faction originating from Rio de Janeiro's prison system (founded late 1970s). Decentralized governance that preserves local leadership structures, facilitating alliances with regional groups. After the 2016 conflict with PCC, CV allied with FDN to access the Solimões drug route and expanded rapidly through the Amazon prison system. Hegemonic in PA (Belém metro), AC, AM, and MA. Detected in 286 municipalities in 2025, present in all 9 states."
2024,5105903,Mato Grosso,Nobres,CV,Comando Vermelho,All BLA states,0,1,"National faction originating from Rio de Janeiro's prison system (founded late 1970s). Decentralized governance that preserves local leadership structures, facilitating alliances with regional groups. After the 2016 conflict with PCC, CV allied with FDN to access the Solimões drug route and expanded rapidly through the Amazon prison system. Hegemonic in PA (Belém metro), AC, AM, and MA. Detected in 286 municipalities in 2025, present in all 9 states."
2024,5105903,Mato Grosso,Nobres,PCC,Primeiro Comando da Capital,All BLA states,1,0,"National faction originating from São Paulo's prison system (founded 1993). Highly centralized hierarchy with leadership from SP/PR. Present in all 9 Amazonian states across all four editions. Detected in 90 municipalities in 2025, with hegemony in RO, RR, and TO prison systems. The PCC expanded aggressively into the Amazon after the 2016 rupture with CV, seeking control of cocaine transit routes from Peru, Colombia, and Bolivia."
2024,5106000,Mato Grosso,Nortelândia,CV,Comando Vermelho,All BLA states,0,1,"National faction originating from Rio de Janeiro's prison system (founded late 1970s). Decentralized governance that preserves local leadership structures, facilitating alliances with regional groups. After the 2016 conflict with PCC, CV allied with FDN to access the Solimões drug route and expanded rapidly through the Amazon prison system. Hegemonic in PA (Belém metro), AC, AM, and MA. Detected in 286 municipalities in 2025, present in all 9 states."
2024,5106190,Mato Grosso,Nova Santa Helena,CV,Comando Vermelho,All BLA states,0,1,"National faction originating from Rio de Janeiro's prison system (founded late 1970s). Decentralized governance that preserves local leadership structures, facilitating alliances with regional groups. After the 2016 conflict with PCC, CV allied with FDN to access the Solimões drug route and expanded rapidly through the Amazon prison system. Hegemonic in PA (Belém metro), AC, AM, and MA. Detected in 286 municipalities in 2025, present in all 9 states."
2024,5106224,Mato Grosso,Nova Mutum,CV,Comando Vermelho,All BLA states,0,1,"National faction originating from Rio de Janeiro's prison system (founded late 1970s). Decentralized governance that preserves local leadership structures, facilitating alliances with regional groups. After the 2016 conflict with PCC, CV allied with FDN to access the Solimões drug route and expanded rapidly through the Amazon prison system. Hegemonic in PA (Belém metro), AC, AM, and MA. Detected in 286 municipalities in 2025, present in all 9 states."
2024,5106240,Mato Grosso,Nova Ubiratã,CV,Comando Vermelho,All BLA states,0,1,"National faction originating from Rio de Janeiro's prison system (founded late 1970s). Decentralized governance that preserves local leadership structures, facilitating alliances with regional groups. After the 2016 conflict with PCC, CV allied with FDN to access the Solimões drug route and expanded rapidly through the Amazon prison system. Hegemonic in PA (Belém metro), AC, AM, and MA. Detected in 286 municipalities in 2025, present in all 9 states."
2024,5106372,Mato Grosso,Pedra Preta,CV,Comando Vermelho,All BLA states,0,1,"National faction originating from Rio de Janeiro's prison system (founded late 1970s). Decentralized governance that preserves local leadership structures, facilitating alliances with regional groups. After the 2016 conflict with PCC, CV allied with FDN to access the Solimões drug route and expanded rapidly through the Amazon prison system. Hegemonic in PA (Belém metro), AC, AM, and MA. Detected in 286 municipalities in 2025, present in all 9 states."
2024,5106422,Mato Grosso,Peixoto de Azevedo,CV,Comando Vermelho,All BLA states,0,1,"National faction originating from Rio de Janeiro's prison system (founded late 1970s). Decentralized governance that preserves local leadership structures, facilitating alliances with regional groups. After the 2016 conflict with PCC, CV allied with FDN to access the Solimões drug route and expanded rapidly through the Amazon prison system. Hegemonic in PA (Belém metro), AC, AM, and MA. Detected in 286 municipalities in 2025, present in all 9 states."
2024,5106752,Mato Grosso,Pontes e Lacerda,CV,Comando Vermelho,All BLA states,0,1,"National faction originating from Rio de Janeiro's prison system (founded late 1970s). Decentralized governance that preserves local leadership structures, facilitating alliances with regional groups. After the 2016 conflict with PCC, CV allied with FDN to access the Solimões drug route and expanded rapidly through the Amazon prison system. Hegemonic in PA (Belém metro), AC, AM, and MA. Detected in 286 municipalities in 2025, present in all 9 states."
2024,5106752,Mato Grosso,Pontes e Lacerda,PCC,Primeiro Comando da Capital,All BLA states,1,0,"National faction originating from São Paulo's prison system (founded 1993). Highly centralized hierarchy with leadership from SP/PR. Present in all 9 Amazonian states across all four editions. Detected in 90 municipalities in 2025, with hegemony in RO, RR, and TO prison systems. The PCC expanded aggressively into the Amazon after the 2016 rupture with CV, seeking control of cocaine transit routes from Peru, Colombia, and Bolivia."
2024,5106828,Mato Grosso,Porto Esperidião,CV,Comando Vermelho,All BLA states,0,1,"National faction originating from Rio de Janeiro's prison system (founded late 1970s). Decentralized governance that preserves local leadership structures, facilitating alliances with regional groups. After the 2016 conflict with PCC, CV allied with FDN to access the Solimões drug route and expanded rapidly through the Amazon prison system. Hegemonic in PA (Belém metro), AC, AM, and MA. Detected in 286 municipalities in 2025, present in all 9 states."
2024,5107040,Mato Grosso,Primavera do Leste,CV,Comando Vermelho,All BLA states,0,1,"National faction originating from Rio de Janeiro's prison system (founded late 1970s). Decentralized governance that preserves local leadership structures, facilitating alliances with regional groups. After the 2016 conflict with PCC, CV allied with FDN to access the Solimões drug route and expanded rapidly through the Amazon prison system. Hegemonic in PA (Belém metro), AC, AM, and MA. Detected in 286 municipalities in 2025, present in all 9 states."
2024,5107040,Mato Grosso,Primavera do Leste,PCC,Primeiro Comando da Capital,All BLA states,1,0,"National faction originating from São Paulo's prison system (founded 1993). Highly centralized hierarchy with leadership from SP/PR. Present in all 9 Amazonian states across all four editions. Detected in 90 municipalities in 2025, with hegemony in RO, RR, and TO prison systems. The PCC expanded aggressively into the Amazon after the 2016 rupture with CV, seeking control of cocaine transit routes from Peru, Colombia, and Bolivia."
2024,5107065,Mato Grosso,Querência,CV,Comando Vermelho,All BLA states,0,1,"National faction originating from Rio de Janeiro's prison system (founded late 1970s). Decentralized governance that preserves local leadership structures, facilitating alliances with regional groups. After the 2016 conflict with PCC, CV allied with FDN to access the Solimões drug route and expanded rapidly through the Amazon prison system. Hegemonic in PA (Belém metro), AC, AM, and MA. Detected in 286 municipalities in 2025, present in all 9 states."
2024,5107107,Mato Grosso,São José dos Quatro Marcos,CV,Comando Vermelho,All BLA states,0,1,"National faction originating from Rio de Janeiro's prison system (founded late 1970s). Decentralized governance that preserves local leadership structures, facilitating alliances with regional groups. After the 2016 conflict with PCC, CV allied with FDN to access the Solimões drug route and expanded rapidly through the Amazon prison system. Hegemonic in PA (Belém metro), AC, AM, and MA. Detected in 286 municipalities in 2025, present in all 9 states."
2024,5107107,Mato Grosso,São José dos Quatro Marcos,PCC,Primeiro Comando da Capital,All BLA states,1,0,"National faction originating from São Paulo's prison system (founded 1993). Highly centralized hierarchy with leadership from SP/PR. Present in all 9 Amazonian states across all four editions. Detected in 90 municipalities in 2025, with hegemony in RO, RR, and TO prison systems. The PCC expanded aggressively into the Amazon after the 2016 rupture with CV, seeking control of cocaine transit routes from Peru, Colombia, and Bolivia."
2024,5107305,Mato Grosso,São José do Rio Claro,CV,Comando Vermelho,All BLA states,0,1,"National faction originating from Rio de Janeiro's prison system (founded late 1970s). Decentralized governance that preserves local leadership structures, facilitating alliances with regional groups. After the 2016 conflict with PCC, CV allied with FDN to access the Solimões drug route and expanded rapidly through the Amazon prison system. Hegemonic in PA (Belém metro), AC, AM, and MA. Detected in 286 municipalities in 2025, present in all 9 states."
2024,5107305,Mato Grosso,São José do Rio Claro,PCC,Primeiro Comando da Capital,All BLA states,1,0,"National faction originating from São Paulo's prison system (founded 1993). Highly centralized hierarchy with leadership from SP/PR. Present in all 9 Amazonian states across all four editions. Detected in 90 municipalities in 2025, with hegemony in RO, RR, and TO prison systems. The PCC expanded aggressively into the Amazon after the 2016 rupture with CV, seeking control of cocaine transit routes from Peru, Colombia, and Bolivia."
2024,5107602,Mato Grosso,Rondonópolis,CV,Comando Vermelho,All BLA states,0,1,"National faction originating from Rio de Janeiro's prison system (founded late 1970s). Decentralized governance that preserves local leadership structures, facilitating alliances with regional groups. After the 2016 conflict with PCC, CV allied with FDN to access the Solimões drug route and expanded rapidly through the Amazon prison system. Hegemonic in PA (Belém metro), AC, AM, and MA. Detected in 286 municipalities in 2025, present in all 9 states."
2024,5107602,Mato Grosso,Rondonópolis,PCC,Primeiro Comando da Capital,All BLA states,1,0,"National faction originating from São Paulo's prison system (founded 1993). Highly centralized hierarchy with leadership from SP/PR. Present in all 9 Amazonian states across all four editions. Detected in 90 municipalities in 2025, with hegemony in RO, RR, and TO prison systems. The PCC expanded aggressively into the Amazon after the 2016 rupture with CV, seeking control of cocaine transit routes from Peru, Colombia, and Bolivia."
2024,5107701,Mato Grosso,Rosário Oeste,CV,Comando Vermelho,All BLA states,0,1,"National faction originating from Rio de Janeiro's prison system (founded late 1970s). Decentralized governance that preserves local leadership structures, facilitating alliances with regional groups. After the 2016 conflict with PCC, CV allied with FDN to access the Solimões drug route and expanded rapidly through the Amazon prison system. Hegemonic in PA (Belém metro), AC, AM, and MA. Detected in 286 municipalities in 2025, present in all 9 states."
2024,5107701,Mato Grosso,Rosário Oeste,PCC,Primeiro Comando da Capital,All BLA states,1,0,"National faction originating from São Paulo's prison system (founded 1993). Highly centralized hierarchy with leadership from SP/PR. Present in all 9 Amazonian states across all four editions. Detected in 90 municipalities in 2025, with hegemony in RO, RR, and TO prison systems. The PCC expanded aggressively into the Amazon after the 2016 rupture with CV, seeking control of cocaine transit routes from Peru, Colombia, and Bolivia."
2024,5107875,Mato Grosso,Sapezal,CV,Comando Vermelho,All BLA states,0,1,"National faction originating from Rio de Janeiro's prison system (founded late 1970s). Decentralized governance that preserves local leadership structures, facilitating alliances with regional groups. After the 2016 conflict with PCC, CV allied with FDN to access the Solimões drug route and expanded rapidly through the Amazon prison system. Hegemonic in PA (Belém metro), AC, AM, and MA. Detected in 286 municipalities in 2025, present in all 9 states."
2024,5107909,Mato Grosso,Sinop,CV,Comando Vermelho,All BLA states,0,1,"National faction originating from Rio de Janeiro's prison system (founded late 1970s). Decentralized governance that preserves local leadership structures, facilitating alliances with regional groups. After the 2016 conflict with PCC, CV allied with FDN to access the Solimões drug route and expanded rapidly through the Amazon prison system. Hegemonic in PA (Belém metro), AC, AM, and MA. Detected in 286 municipalities in 2025, present in all 9 states."
2024,5107909,Mato Grosso,Sinop,PCC,Primeiro Comando da Capital,All BLA states,1,0,"National faction originating from São Paulo's prison system (founded 1993). Highly centralized hierarchy with leadership from SP/PR. Present in all 9 Amazonian states across all four editions. Detected in 90 municipalities in 2025, with hegemony in RO, RR, and TO prison systems. The PCC expanded aggressively into the Amazon after the 2016 rupture with CV, seeking control of cocaine transit routes from Peru, Colombia, and Bolivia."
2024,5107909,Mato Grosso,Sinop,Tropa Castelar,Tropa do Castelar,MT,1,0,"Local group from Mato Grosso. Named after a neighborhood in Várzea Grande (MT). Present in 5 municipalities in 2025, exclusively controlling 2 (Alto Paraguai, Nova Maringá). In conflict with CV since 2023, and aligned to PCC."
2024,5107925,Mato Grosso,Sorriso,CV,Comando Vermelho,All BLA states,0,1,"National faction originating from Rio de Janeiro's prison system (founded late 1970s). Decentralized governance that preserves local leadership structures, facilitating alliances with regional groups. After the 2016 conflict with PCC, CV allied with FDN to access the Solimões drug route and expanded rapidly through the Amazon prison system. Hegemonic in PA (Belém metro), AC, AM, and MA. Detected in 286 municipalities in 2025, present in all 9 states."
2024,5107925,Mato Grosso,Sorriso,PCC,Primeiro Comando da Capital,All BLA states,1,0,"National faction originating from São Paulo's prison system (founded 1993). Highly centralized hierarchy with leadership from SP/PR. Present in all 9 Amazonian states across all four editions. Detected in 90 municipalities in 2025, with hegemony in RO, RR, and TO prison systems. The PCC expanded aggressively into the Amazon after the 2016 rupture with CV, seeking control of cocaine transit routes from Peru, Colombia, and Bolivia."
2024,5107925,Mato Grosso,Sorriso,Tropa Castelar,Tropa do Castelar,MT,1,0,"Local group from Mato Grosso. Named after a neighborhood in Várzea Grande (MT). Present in 5 municipalities in 2025, exclusively controlling 2 (Alto Paraguai, Nova Maringá). In conflict with CV since 2023, and aligned to PCC."
2024,5107958,Mato Grosso,Tangará da Serra,CV,Comando Vermelho,All BLA states,0,1,"National faction originating from Rio de Janeiro's prison system (founded late 1970s). Decentralized governance that preserves local leadership structures, facilitating alliances with regional groups. After the 2016 conflict with PCC, CV allied with FDN to access the Solimões drug route and expanded rapidly through the Amazon prison system. Hegemonic in PA (Belém metro), AC, AM, and MA. Detected in 286 municipalities in 2025, present in all 9 states."
2024,5107958,Mato Grosso,Tangará da Serra,PCC,Primeiro Comando da Capital,All BLA states,1,0,"National faction originating from São Paulo's prison system (founded 1993). Highly centralized hierarchy with leadership from SP/PR. Present in all 9 Amazonian states across all four editions. Detected in 90 municipalities in 2025, with hegemony in RO, RR, and TO prison systems. The PCC expanded aggressively into the Amazon after the 2016 rupture with CV, seeking control of cocaine transit routes from Peru, Colombia, and Bolivia."
2024,5108006,Mato Grosso,Tapurah,CV,Comando Vermelho,All BLA states,0,1,"National faction originating from Rio de Janeiro's prison system (founded late 1970s). Decentralized governance that preserves local leadership structures, facilitating alliances with regional groups. After the 2016 conflict with PCC, CV allied with FDN to access the Solimões drug route and expanded rapidly through the Amazon prison system. Hegemonic in PA (Belém metro), AC, AM, and MA. Detected in 286 municipalities in 2025, present in all 9 states."
2024,5108402,Mato Grosso,Várzea Grande,B40,Bonde dos 40,"MA, MT, PA",0,0,"Local faction from Maranhão, historically controlling the São Luís metropolitan region. One of the most durable regional factions in the BLA. Appears in coalitions with both CV and PCC across different municipalities — e.g., in São Luís alongside CV and PCM, but in Miranda do Norte alongside PCC. This dual co-occurrence pattern indicates B40 is a genuinely autonomous local power, not a satellite of either national faction. Expanded to Mato Grosso (Cáceres, Cuiabá, Várzea Grande) by 2024/2025. ADA (Amigos dos Amigos) from RJ operates as B40's associate in MA. Present in 26 municipalities in 2025, with 11 under exclusive control."
2024,5108402,Mato Grosso,Várzea Grande,CV,Comando Vermelho,All BLA states,0,1,"National faction originating from Rio de Janeiro's prison system (founded late 1970s). Decentralized governance that preserves local leadership structures, facilitating alliances with regional groups. After the 2016 conflict with PCC, CV allied with FDN to access the Solimões drug route and expanded rapidly through the Amazon prison system. Hegemonic in PA (Belém metro), AC, AM, and MA. Detected in 286 municipalities in 2025, present in all 9 states."
2024,5108907,Mato Grosso,Nova Maringá,Tropa Castelar,Tropa do Castelar,MT,1,0,"Local group from Mato Grosso. Named after a neighborhood in Várzea Grande (MT). Present in 5 municipalities in 2025, exclusively controlling 2 (Alto Paraguai, Nova Maringá). In conflict with CV since 2023, and aligned to PCC."
